,資料日期,股票代號,股票名稱,除權息前收盤價,除權息參考價,權值+息值,權/息,漲停價格,跌停價格,開盤競價基準,減除股利參考價,詳細資料,最近一次申報資料 季別/日期,最近一次申報每股 (單位)淨值,最近一次申報每股 (單位)盈餘,Unnamed: 15
0,108年01月02日,8473,山林水,56.20,56.09,0.105651,權,61.80,50.50,56.20,56.20,除權息資料,110年第1季,42.67,1.08,
1,108年01月07日,1786,科妍,69.00,67.19,1.8072290000000002,權,75.90,60.50,69.00,69.00,除權息資料,110年第1季,23.42,0.4,
2,108年01月16日,"=""00714""",群益道瓊美國地產,19.09,18.92,0.17,息,"9,999.95",0.01,18.92,18.92,除權息資料,,,,
3,108年01月17日,"=""00701""",國泰股利精選30,21.25,20.78,0.47,息,22.85,18.71,20.78,20.78,除權息資料,110年05月18日,23.74,,
4,108年01月17日,"=""00702""",國泰標普低波高息,20.19,19.91,0.28,息,"9,999.95",0.01,19.91,19.91,除權息資料,,,,
5,108年01月17日,"=""00735""",國泰臺韓科技,17.05,16.56,0.49,息,"9,999.95",0.01,16.56,16.56,除權息資料,,,,
6,108年01月17日,"=""00736""",國泰新興市場,18.80,18.59,0.21,息,"9,999.95",0.01,18.59,18.59,除權息資料,,,,
7,108年01月18日,911608,明輝-DR,1.52,1.20,0.312,權,1.67,1.08,1.52,1.52,除權息資料,99年第4季,10.01,0.6,
8,108年01月22日,"=""0050""",元大台灣50,76.50,74.20,2.3,息,81.60,66.80,74.20,74.20,除權息資料,110年05月18日,132.17,,
9,108年01月22日,"=""006203""",元大MSCI台灣,35.25,34.40,0.85,息,37.84,30.96,34.40,34.40,除權息資料,110年05月18日,62.42,,
10,108年01月24日,"=""00717""",富邦美國特別股,19.22,19.01,0.204,息,"9,999.95",0.01,19.01,19.01,除權息資料,,,,
11,108年01月24日,"=""00728""",第一金工業30,18.15,17.02,1.123,息,18.72,15.32,17.02,17.02,除權息資料,110年05月18日,27.28,,
12,108年02月18日,2613,中櫃,13.65,13.33,0.311609,權,15.00,12.00,13.65,13.65,除權息資料,110年第1季,22.35,0.03,
13,108年02月21日,6414,樺漢,257.50,254.78,2.713476,權,283.00,229.50,257.50,257.50,除權息資料,110年第1季,97.85,0.0,
14,108年02月25日,1472,三洋紡,37.00,36.00,0.998408,權,40.70,32.40,37.00,37.00,除權息資料,110年第1季,2.77,-0.13,
15,108年02月26日,3346,麗清,38.95,37.96,0.984707,權,42.80,34.20,38.95,38.95,除權息資料,110年第1季,23.63,0.52,
16,108年03月20日,9105,泰金寶-DR,2.55,2.52,0.029493000000000002,息,2.77,2.27,2.52,2.52,除權息資料,93年第4季,0.00,4.81,
17,108年03月21日,"=""00710B""",FH彭博高收益債,20.73,20.47,0.253,息,"9,999.95",0.01,20.47,20.47,除權息資料,,,,
18,108年03月21日,"=""00711B""",FH彭博新興債,20.04,19.85,0.181,息,"9,999.95",0.01,19.85,19.85,除權息資料,,,,
19,108年03月21日,"=""00712""",FH富時不動產,18.82,18.68,0.135,息,"9,999.95",0.01,18.68,18.68,除權息資料,,,,
20,108年03月26日,"=""01004T""",土銀富邦R2,13.38,13.20,0.177265,息,14.52,11.88,13.20,13.20,除權息資料,110年05月18日,15.50,,
21,108年03月26日,"=""01009T""",王道圓滿R1,9.15,9.00,0.14685399999999998,息,9.90,8.10,9.00,9.00,除權息資料,110年05月18日,10.56,,
22,108年04月09日,912000,晨訊科-DR,2.50,2.42,0.07812000000000001,息,2.66,2.18,2.42,2.42,除權息資料,99年第4季,0.00,0.52,
23,108年04月17日,"=""00714""",群益道瓊美國地產,21.52,21.37,0.15,息,"9,999.95",0.01,21.37,21.37,除權息資料,,,,
24,108年04月18日,4142,國光生,21.95,20.65,1.2936290000000001,權,24.10,18.60,21.95,21.95,除權息資料,110年第1季,14.15,-0.58,
25,108年04月25日,"=""01003T""",兆豐新光R1,16.90,16.51,0.38321900000000003,息,18.16,14.86,16.51,16.51,除權息資料,110年05月18日,17.51,,
26,108年04月26日,"=""01001T""",土銀富邦R1,15.40,15.00,0.397677,息,16.50,13.50,15.00,15.00,除權息資料,110年05月18日,18.93,,
27,108年05月02日,"=""0052""",富邦科技,56.40,55.35,1.047,息,60.85,49.82,55.35,55.35,除權息資料,110年05月18日,119.44,,
28,108年05月02日,"=""00717""",富邦美國特別股,19.89,19.63,0.255,息,"9,999.95",0.01,19.63,19.63,除權息資料,,,,
29,108年05月02日,"=""00733""",富邦臺灣中小,17.63,17.23,0.4,息,18.95,15.51,17.23,17.23,除權息資料,110年05月18日,37.77,,
30,108年05月08日,2430,燦坤,20.95,20.05,0.9,息,22.05,18.05,20.05,20.05,除權息資料,110年第1季,29.75,1.0,
31,108年05月21日,"=""01002T""",土銀國泰R1,15.26,14.83,0.420609,息,16.31,13.35,14.83,14.83,除權息資料,110年05月18日,19.03,,
32,108年05月21日,"=""01007T""",兆豐國泰R2,16.00,15.77,0.22472899999999998,息,17.34,14.20,15.77,15.77,除權息資料,110年05月18日,20.13,,
33,108年05月21日,9136,巨騰-DR,8.00,7.60,0.392,息,8.36,6.84,7.60,7.60,除權息資料,97年第4季,0.00,2.82,
34,108年05月23日,"=""00775B""",新光投等債15+,42.18,41.93,0.25,息,"9,999.95",0.01,41.93,41.93,除權息資料,,,,
35,108年05月23日,8482,商億-KY,142.00,134.00,8.0,息,147.00,121.00,134.00,134.00,除權息資料,110年第1季,28.42,0.91,
36,108年05月31日,2101,南港,35.35,35.14,0.200103,息,38.65,31.65,35.15,35.14,除權息資料,110年第1季,13.06,0.26,
37,108年06月03日,2823,中壽,24.40,24.01,0.383101,權,26.80,21.65,24.40,24.40,除權息資料,110年第1季,33.65,2.08,
38,108年06月03日,3443,創意,228.50,223.50,5.0,息,245.50,201.50,223.50,223.50,除權息資料,110年第1季,35.73,2.3,
39,108年06月03日,8454,富邦媒,262.00,253.00,9.0,息,278.00,228.00,253.00,253.00,除權息資料,110年第1季,54.83,5.57,
40,108年06月06日,910322,康師傅-DR,25.70,24.69,1.008,息,27.15,22.25,24.70,24.69,除權息資料,97年第4季,0.00,1.53,
41,108年06月12日,1218,泰山,22.00,21.20,0.8,息,23.30,19.10,21.20,21.20,除權息資料,110年第1季,14.79,0.34,
42,108年06月13日,1773,勝一,86.80,81.80,5.0,息,89.90,73.70,81.80,81.80,除權息資料,110年第1季,34.07,2.1,
43,108年06月13日,5234,達興材料,90.00,85.00,5.0,息,93.50,76.50,85.00,85.00,除權息資料,110年第1季,29.81,1.58,
44,108年06月14日,2739,寒舍,29.00,28.00,1.0,息,30.80,25.20,28.00,28.00,除權息資料,110年第1季,12.80,-0.68,
45,108年06月14日,3030,德律,51.10,47.40,3.7,息,52.10,42.70,47.40,47.40,除權息資料,110年第1季,25.36,1.25,
46,108年06月14日,3167,大量,41.00,37.50,3.5,息,41.25,33.75,37.50,37.50,除權息資料,110年第1季,26.85,1.01,
47,108年06月17日,2231,為升,264.00,244.30,19.691696,權息,268.50,220.00,244.50,244.30,除權息資料,110年第1季,27.53,1.61,
48,108年06月17日,2939,凱羿-KY,105.00,96.00,9.0,息,105.50,86.40,96.00,96.00,除權息資料,110年第1季,23.16,0.14,
49,108年06月17日,8028,昇陽半導體,44.75,43.15,1.6,息,47.45,38.85,43.15,43.15,除權息資料,110年第1季,17.60,0.17,
50,108年06月18日,1605,華新,16.00,14.80,1.2,息,16.25,13.35,14.80,14.80,除權息資料,110年第1季,27.44,0.55,
51,108年06月18日,2614,東森,12.40,11.40,1.0,息,12.50,10.30,11.40,11.40,除權息資料,110年第1季,10.57,0.1,
52,108年06月19日,2851,中再保,18.65,17.75,0.9,息,19.50,16.00,17.75,17.75,除權息資料,110年第1季,24.01,1.32,
53,108年06月19日,5007,三星,55.10,52.10,3.0,息,57.30,46.90,52.10,52.10,除權息資料,110年第1季,22.08,0.8,
54,108年06月19日,6155,鈞寶,21.60,20.60,1.0,息,22.65,18.55,20.60,20.60,除權息資料,110年第1季,16.56,0.22,
55,108年06月19日,6456,GIS-KY,102.50,98.50,4.0,息,108.00,88.70,98.50,98.50,除權息資料,110年第1季,81.98,0.67,
56,108年06月19日,9940,信義,32.90,31.60,1.3,息,34.75,28.45,31.60,31.60,除權息資料,110年第1季,16.03,0.62,
57,108年06月20日,2415,錩新,23.95,22.45,1.5,息,24.65,20.25,22.45,22.45,除權息資料,110年第1季,18.26,0.76,
58,108年06月20日,2642,宅配通,22.95,22.35,0.6,息,24.55,20.15,22.35,22.35,除權息資料,110年第1季,23.47,0.64,
59,108年06月20日,6505,台塑化,118.50,113.70,4.8,息,125.00,102.50,113.50,113.70,除權息資料,110年第1季,34.84,1.88,
60,108年06月24日,1707,葡萄王,220.00,213.50,6.5,息,234.50,192.50,213.50,213.50,除權息資料,110年第1季,59.84,1.6,
61,108年06月24日,1711,永光,17.00,16.50,0.5,息,18.15,14.85,16.50,16.50,除權息資料,110年第1季,15.25,0.22,
62,108年06月24日,1906,寶隆,13.55,13.05,0.5,息,14.35,11.75,13.05,13.05,除權息資料,110年第1季,45.71,0.0,
63,108年06月24日,2107,厚生,17.95,17.27,0.68,息,18.95,15.55,17.25,17.27,除權息資料,110年第1季,33.98,0.63,
64,108年06月24日,2330,台積電,248.50,240.50,8.0,息,264.50,216.50,240.50,240.50,除權息資料,110年第1季,74.77,5.39,
65,108年06月24日,2722,夏都,24.80,24.60,0.2,息,27.05,22.15,24.60,24.60,除權息資料,110年第1季,16.53,0.07,
66,108年06月24日,2727,王品,84.50,80.10,4.393263,息,88.10,72.10,80.10,80.10,除權息資料,110年第1季,44.22,1.8,
67,108年06月24日,3048,益登,13.65,12.95,0.7,息,14.20,11.70,12.95,12.95,除權息資料,110年第1季,17.89,1.2,
68,108年06月24日,3416,融程電,55.20,52.60,2.6,息,57.80,47.35,52.60,52.60,除權息資料,110年第1季,31.71,1.13,
69,108年06月24日,4722,國精化,30.10,28.30,1.8,息,31.10,25.50,28.30,28.30,除權息資料,110年第1季,26.91,0.94,
70,108年06月24日,6024,群益期,47.80,44.40,3.4,息,48.80,40.00,44.40,44.40,除權息資料,110年第1季,31.08,0.76,
71,108年06月24日,6164,華興,7.47,7.27,0.2,息,7.99,6.55,7.27,7.27,除權息資料,110年第1季,10.93,-0.04,
72,108年06月24日,6641,基士德-KY,66.20,62.40,3.8,息,68.60,56.20,62.40,62.40,除權息資料,110年第1季,38.74,0.84,
73,108年06月25日,"=""00710B""",FH彭博高收益債,21.12,20.85,0.264,息,"9,999.95",0.01,20.85,20.85,除權息資料,,,,
74,108年06月25日,"=""00711B""",FH彭博新興債,21.53,21.35,0.176,息,"9,999.95",0.01,21.35,21.35,除權息資料,,,,
75,108年06月25日,"=""00712""",FH富時不動產,18.79,18.35,0.438,息,"9,999.95",0.01,18.35,18.35,除權息資料,,,,
76,108年06月25日,1731,美吾華,13.65,13.15,0.5,息,14.45,11.85,13.15,13.15,除權息資料,110年第1季,14.77,0.35,
77,108年06月25日,2385,群光,78.60,74.80,3.8,息,82.20,67.40,74.80,74.80,除權息資料,110年第1季,36.94,2.23,
78,108年06月26日,1326,台化,110.00,103.80,6.2,息,114.00,93.50,104.00,103.80,除權息資料,110年第1季,62.86,2.2,
79,108年06月26日,1457,宜進,14.65,13.95,0.7,息,15.30,12.60,13.95,13.95,除權息資料,110年第1季,21.08,0.31,
80,108年06月26日,1702,南僑,56.70,54.00,2.7,息,59.40,48.60,54.00,54.00,除權息資料,110年第1季,25.11,1.13,
81,108年06月26日,2024,志聯,10.60,10.00,0.6,息,11.00,9.00,10.00,10.00,除權息資料,110年第1季,11.94,0.28,
82,108年06月26日,3563,牧德,401.00,374.00,27.0,息,411.00,337.00,374.00,374.00,除權息資料,110年第1季,52.11,4.81,
83,108年06月26日,5225,東科-KY,34.10,32.79,1.300411,息,36.05,29.55,32.80,32.79,除權息資料,110年第1季,17.21,-2.38,
84,108年06月26日,5533,皇鼎,16.25,15.55,0.7,息,17.10,14.00,15.55,15.55,除權息資料,110年第1季,26.47,0.39,
85,108年06月26日,8466,美吉吉-KY,72.80,69.80,3.0,息,76.70,62.90,69.80,69.80,除權息資料,110年第1季,37.10,0.51,
86,108年06月27日,1314,中石化,11.60,10.57,1.028572,權息,11.60,9.52,10.55,10.57,除權息資料,110年第1季,21.76,0.2,
87,108年06月27日,1515,力山,86.10,84.10,2.0,息,92.50,75.70,84.10,84.10,除權息資料,110年第1季,18.75,1.79,
88,108年06月27日,1760,寶齡富錦,92.70,90.90,1.8,息,99.90,81.90,90.90,90.90,除權息資料,110年第1季,15.18,-0.32,
89,108年06月27日,2359,所羅門,22.10,21.00,1.1,息,23.10,18.90,21.00,21.00,除權息資料,110年第1季,25.84,0.0,
90,108年06月27日,2455,全新,80.30,77.80,2.5,息,85.50,70.10,77.80,77.80,除權息資料,110年第1季,16.91,1.22,
91,108年06月27日,2461,光群雷,19.05,18.64,0.41,息,20.50,16.80,18.65,18.64,除權息資料,110年第1季,16.75,0.75,
92,108年06月27日,2478,大毅,47.00,44.50,2.5,息,48.95,40.05,44.50,44.50,除權息資料,110年第1季,42.12,1.75,
93,108年06月27日,2480,敦陽科,54.70,51.28,3.42,息,56.40,46.20,51.30,51.28,除權息資料,110年第1季,23.68,1.35,
94,108年06月27日,3056,總太,21.20,19.70,1.5,息,21.65,17.75,19.70,19.70,除權息資料,110年第1季,28.41,3.62,
95,108年06月27日,3515,華擎,62.70,58.69,4.000616,息,64.50,52.90,58.70,58.69,除權息資料,110年第1季,53.39,4.14,
96,108年06月27日,4155,訊映,28.90,26.65,2.25,息,29.30,24.00,26.65,26.65,除權息資料,110年第1季,17.42,0.32,
97,108年06月27日,6412,群電,49.90,47.90,2.0,息,52.60,43.15,47.90,47.90,除權息資料,110年第1季,22.16,1.49,
98,108年06月27日,8271,宇瞻,32.90,30.40,2.5,息,33.40,27.40,30.40,30.40,除權息資料,110年第1季,28.80,1.23,
99,108年06月27日,8422,可寧衛,169.00,159.00,10.0,息,174.50,143.50,159.00,159.00,除權息資料,110年第1季,55.91,3.42,
100,108年06月28日,1444,力麗,10.15,9.75,0.4,息,10.70,8.78,9.75,9.75,除權息資料,110年第1季,10.78,0.08,
101,108年06月28日,1447,力鵬,7.53,7.32,0.201765,息,8.05,6.59,7.32,7.32,除權息資料,110年第1季,11.48,0.18,
102,108年06月28日,1909,榮成,15.05,14.55,0.5,息,16.00,13.10,14.55,14.55,除權息資料,110年第1季,20.52,0.4,
103,108年06月28日,3003,健和興,41.70,39.90,1.8,息,43.85,35.95,39.90,39.90,除權息資料,110年第1季,31.14,1.2,
104,108年06月28日,3029,零壹,29.60,28.10,1.4970729999999999,息,30.90,25.30,28.10,28.10,除權息資料,110年第1季,19.55,0.92,
105,108年06月28日,3669,圓展,16.60,16.20,0.4,息,17.80,14.60,16.20,16.20,除權息資料,110年第1季,36.58,2.19,
106,108年07月01日,1315,達新,31.50,30.30,1.2,息,33.30,27.30,30.30,30.30,除權息資料,110年第1季,89.83,0.24,
107,108年07月01日,1452,宏益,20.90,19.50,1.4,息,21.45,17.55,19.50,19.50,除權息資料,110年第1季,20.23,1.01,
108,108年07月01日,1733,五鼎,31.25,30.40,0.847793,息,33.40,27.40,30.40,30.40,除權息資料,110年第1季,16.90,0.34,
109,108年07月01日,2015,豐興,62.90,58.90,4.0,息,64.70,53.10,58.90,58.90,除權息資料,110年第1季,35.01,1.16,
110,108年07月01日,2032,新鋼,8.66,8.53,0.13,息,9.38,7.68,8.53,8.53,除權息資料,110年第1季,13.48,0.38,
111,108年07月01日,2340,光磊,21.10,20.60,0.5,息,22.65,18.55,20.60,20.60,除權息資料,110年第1季,19.67,0.66,
112,108年07月01日,2423,固緯,28.05,26.25,1.8,息,28.85,23.65,26.25,26.25,除權息資料,110年第1季,15.22,0.46,
113,108年07月01日,2425,承啟,31.50,30.00,1.5,息,33.00,27.00,30.00,30.00,除權息資料,110年第1季,18.70,0.51,
114,108年07月01日,2731,雄獅,85.50,81.70,3.8,息,89.80,73.60,81.70,81.70,除權息資料,110年第1季,22.16,-1.63,
115,108年07月01日,2882,國泰金,43.00,41.50,1.5,息,45.65,37.35,41.50,41.50,除權息資料,110年第1季,58.07,4.36,
116,108年07月01日,2882A,國泰特,64.00,61.72,2.28,息,67.80,55.60,61.70,61.72,除權息資料,110年第1季,58.07,4.36,
117,108年07月01日,2882B,國泰金乙特,62.30,61.20,1.0970950000000002,息,67.30,55.10,61.20,61.20,除權息資料,110年第1季,58.07,4.36,
118,108年07月01日,4755,三福化,46.70,44.00,2.7,息,48.40,39.60,44.00,44.00,除權息資料,110年第1季,36.70,1.0,
119,108年07月01日,6112,聚碩,36.90,32.18,4.718182,權息,35.35,29.00,32.20,32.18,除權息資料,110年第1季,21.13,1.18,
120,108年07月01日,6176,瑞儀,104.00,97.00,7.0,息,106.50,87.30,97.00,97.00,除權息資料,110年第1季,66.46,3.58,
121,108年07月01日,6215,和椿,16.80,16.30,0.5,息,17.90,14.70,16.30,16.30,除權息資料,110年第1季,15.51,1.36,
122,108年07月01日,8039,台虹,43.20,40.70,2.5,息,44.75,36.65,40.70,40.70,除權息資料,110年第1季,36.58,0.83,
123,108年07月01日,9934,成霖,17.95,16.65,1.29815,息,18.30,15.00,16.65,16.65,除權息資料,110年第1季,15.46,0.15,
124,108年07月02日,1301,台塑,115.00,109.20,5.8,息,120.00,98.30,109.00,109.20,除權息資料,110年第1季,56.42,2.35,
125,108年07月02日,2034,允強,27.05,25.25,1.8,息,27.75,22.75,25.25,25.25,除權息資料,110年第1季,19.87,0.45,
126,108年07月02日,2308,台達電,160.50,155.50,5.0,息,171.00,140.00,155.50,155.50,除權息資料,110年第1季,59.21,2.53,
127,108年07月02日,2501,國建,27.85,25.75,2.1,息,28.30,23.20,25.75,25.75,除權息資料,110年第1季,21.35,-0.01,
128,108年07月02日,2597,潤弘,61.60,56.80,4.8,息,62.40,51.20,56.80,56.80,除權息資料,110年第1季,36.07,2.74,
129,108年07月02日,2723,美食-KY,176.00,171.00,5.0,息,188.00,154.00,171.00,171.00,除權息資料,110年第1季,60.64,1.4,
130,108年07月02日,2850,新產,39.95,37.30,2.65,息,41.00,33.60,37.30,37.30,除權息資料,110年第1季,43.99,1.49,
131,108年07月02日,2885,元大金,18.95,18.05,0.9,息,19.85,16.25,18.05,18.05,除權息資料,109年第4季,20.87,1.99,
132,108年07月02日,3010,華立,55.10,51.90,3.2,息,57.00,46.75,51.90,51.90,除權息資料,110年第1季,60.02,2.58,
133,108年07月02日,4532,瑞智,26.15,24.95,1.2,息,27.40,22.50,24.95,24.95,除權息資料,110年第1季,18.00,0.27,
134,108年07月02日,6184,大豐電,37.55,35.05,2.5,息,38.55,31.55,35.05,35.05,除權息資料,110年第1季,29.48,0.74,
135,108年07月02日,6579,研揚,85.00,80.90,4.1,息,88.90,72.90,80.90,80.90,除權息資料,110年第1季,53.11,0.34,
136,108年07月03日,1303,南亞,78.30,73.30,5.0,息,80.60,66.00,73.30,73.30,除權息資料,110年第1季,46.22,2.23,
137,108年07月03日,1307,三芳,24.65,24.15,0.5,息,26.55,21.75,24.15,24.15,除權息資料,110年第1季,19.86,0.51,
138,108年07月03日,1437,勤益控,21.15,20.65,0.5,息,22.70,18.60,20.65,20.65,除權息資料,110年第1季,31.50,0.67,
139,108年07月03日,1504,東元,23.05,22.15,0.9,息,24.35,19.95,22.15,22.15,除權息資料,110年第1季,33.13,0.53,
140,108年07月03日,1560,中砂,61.20,57.70,3.5,息,63.40,52.00,57.70,57.70,除權息資料,110年第1季,32.45,1.05,
141,108年07月03日,2362,藍天,31.50,30.50,1.0,息,33.55,27.45,30.50,30.50,除權息資料,110年第1季,67.49,0.54,
142,108年07月03日,2397,友通,87.90,82.62,5.28,息,90.80,74.40,82.60,82.62,除權息資料,110年第1季,26.30,0.58,
143,108年07月03日,2451,創見,71.30,66.30,5.0,息,72.90,59.70,66.30,66.30,除權息資料,110年第1季,41.68,1.3,
144,108年07月03日,2548,華固,85.00,80.00,5.0,息,88.00,72.00,80.00,80.00,除權息資料,110年第1季,56.55,0.69,
145,108年07月03日,2820,華票,15.00,14.21,0.79,息,15.60,12.80,14.20,14.21,除權息資料,110年第1季,19.12,0.4,
146,108年07月03日,3006,晶豪科,32.30,30.80,1.5,息,33.85,27.75,30.80,30.80,除權息資料,110年第1季,32.80,2.3,
147,108年07月03日,3016,嘉晶,46.45,45.45,1.0,息,49.95,40.95,45.45,45.45,除權息資料,110年第1季,14.44,0.16,
148,108年07月03日,4557,永新-KY,76.50,69.47,7.024719,權息,78.60,62.60,71.50,71.50,除權息資料,110年第1季,37.47,1.01,
149,108年07月03日,4952,凌通,36.80,34.30,2.5,息,37.70,30.90,34.30,34.30,除權息資料,110年第1季,20.24,0.89,
150,108年07月03日,6281,全國電,66.90,62.90,4.0,息,69.10,56.70,62.90,62.90,除權息資料,110年第1季,27.75,1.38,
151,108年07月03日,6405,悅城,13.85,13.35,0.5,息,14.65,12.05,13.35,13.35,除權息資料,110年第1季,30.18,0.88,
152,108年07月03日,8341,日友,278.00,271.50,6.5,息,298.50,244.50,271.50,271.50,除權息資料,110年第1季,30.25,1.95,
153,108年07月03日,8463,潤泰材,25.15,24.45,0.7,息,26.85,22.05,24.45,24.45,除權息資料,110年第1季,16.19,0.18,
154,108年07月03日,8467,波力-KY,43.10,40.60,2.5,息,44.65,36.55,40.60,40.60,除權息資料,110年第1季,27.62,0.31,
155,108年07月03日,9931,欣高,33.45,32.15,1.3,息,35.35,28.95,32.15,32.15,除權息資料,110年第1季,20.93,0.67,
156,108年07月04日,1451,年興,28.50,26.50,2.0,息,29.15,23.85,26.50,26.50,除權息資料,110年第1季,38.89,0.33,
157,108年07月04日,1521,大億,64.50,60.70,3.8,息,66.70,54.70,60.70,60.70,除權息資料,110年第1季,23.36,0.28,
158,108年07月04日,1529,樂士,16.90,14.91,1.981845,權息,18.35,13.45,16.70,16.70,除權息資料,110年第1季,11.17,-0.02,
159,108年07月04日,1536,和大,108.50,105.00,3.5,息,115.50,94.50,105.00,105.00,除權息資料,110年第1季,31.05,0.2,
160,108年07月04日,1558,伸興,148.00,137.00,11.0,息,150.50,123.50,137.00,137.00,除權息資料,110年第1季,87.74,5.42,
161,108年07月04日,1568,倉佑,20.00,19.35,0.65,息,21.25,17.45,19.35,19.35,除權息資料,110年第1季,14.21,-0.02,
162,108年07月04日,1710,東聯,25.70,23.95,1.75,息,26.30,21.60,23.95,23.95,除權息資料,110年第1季,14.56,0.64,
163,108年07月04日,1712,興農,21.25,19.95,1.3,息,21.90,18.00,19.95,19.95,除權息資料,110年第1季,16.06,0.6,
164,108年07月04日,1727,中華化,13.40,12.80,0.6,息,14.05,11.55,12.80,12.80,除權息資料,110年第1季,12.09,0.35,
165,108年07月04日,2316,楠梓電,24.15,23.15,1.0,息,25.45,20.85,23.15,23.15,除權息資料,110年第1季,41.56,0.58,
166,108年07月04日,2353,宏碁,19.30,18.53,0.77,息,20.35,16.70,18.55,18.53,除權息資料,110年第1季,19.51,0.91,
167,108年07月04日,2408,南亞科,65.20,58.08,7.110499000000001,息,63.80,52.30,58.10,58.08,除權息資料,110年第1季,51.00,0.88,
168,108年07月04日,2436,偉詮電,26.55,25.54,1.000168,息,28.05,23.00,25.55,25.54,除權息資料,110年第1季,19.64,1.05,
169,108年07月04日,2456,奇力新,93.70,85.71,7.985546,息,94.20,77.20,85.70,85.71,除權息資料,110年第1季,96.15,1.87,
170,108年07月04日,2481,強茂,25.20,24.70,0.5,息,27.15,22.25,24.70,24.70,除權息資料,110年第1季,20.75,0.88,
171,108年07月04日,2520,冠德,27.55,26.55,1.0,息,29.20,23.90,26.55,26.55,除權息資料,110年第1季,31.99,1.09,
172,108年07月04日,2538,基泰,12.35,11.75,0.6,息,12.90,10.60,11.75,11.75,除權息資料,110年第1季,14.37,0.01,
173,108年07月04日,2546,根基,38.90,35.90,3.0,息,39.45,32.35,35.90,35.90,除權息資料,110年第1季,30.65,1.1,
174,108年07月04日,2630,亞航,21.70,20.70,1.0,息,22.75,18.65,20.70,20.70,除權息資料,110年第1季,12.51,0.18,
175,108年07月04日,2748,雲品,62.00,59.25,2.75,息,65.10,53.40,59.30,59.25,除權息資料,110年第1季,16.85,0.37,
176,108年07月04日,2832,台產,20.65,19.75,0.9,息,21.70,17.80,19.75,19.75,除權息資料,110年第1季,26.13,-0.06,
177,108年07月04日,2881,富邦金,46.10,44.10,2.0,息,48.50,39.70,44.10,44.10,除權息資料,109年第4季,66.33,8.54,
178,108年07月04日,2883,開發金,9.50,9.20,0.3,息,10.10,8.28,9.20,9.20,除權息資料,109年第4季,13.66,0.87,
179,108年07月04日,3005,神基,45.85,42.85,2.9983169999999997,息,47.10,38.60,42.85,42.85,除權息資料,110年第1季,24.83,0.85,
180,108年07月04日,3019,亞光,87.00,84.70,2.3,息,93.10,76.30,84.70,84.70,除權息資料,110年第1季,40.86,1.08,
181,108年07月04日,3038,全台,18.35,17.85,0.5,息,19.60,16.10,17.85,17.85,除權息資料,110年第1季,12.38,0.34,
182,108年07月04日,3040,遠見,32.05,30.05,2.0,息,33.05,27.05,30.05,30.05,除權息資料,110年第1季,29.39,0.64,
183,108年07月04日,3296,勝德,16.45,15.45,1.0,息,16.95,13.95,15.45,15.45,除權息資料,110年第1季,14.75,-0.36,
184,108年07月04日,3338,泰碩,63.20,62.00,1.2,息,68.20,55.80,62.00,62.00,除權息資料,110年第1季,19.21,0.13,
185,108年07月04日,3530,晶相光,82.20,80.20,1.9987689999999998,息,88.20,72.20,80.20,80.20,除權息資料,110年第1季,30.14,1.53,
186,108年07月04日,3607,谷崧,19.85,19.35,0.5,息,21.25,17.45,19.35,19.35,除權息資料,110年第1季,21.17,-0.48,
187,108年07月04日,4148,全宇生技-KY,52.00,49.60,2.4,息,54.50,44.65,49.60,49.60,除權息資料,110年第1季,29.46,0.42,
188,108年07月04日,4545,銘鈺,22.30,21.95,0.35,息,24.10,19.80,21.95,21.95,除權息資料,110年第1季,21.97,0.02,
189,108年07月04日,4916,事欣科,36.15,33.67,2.472703,息,37.00,30.35,33.65,33.67,除權息資料,110年第1季,15.09,0.4,
190,108年07月04日,5388,中磊,67.60,65.10,2.496941,息,71.60,58.60,65.10,65.10,除權息資料,110年第1季,32.17,0.56,
191,108年07月04日,6224,聚鼎,59.50,55.75,3.75,息,61.30,50.20,55.80,55.75,除權息資料,110年第1季,28.15,1.7,
192,108年07月04日,6655,科定,51.00,49.00,2.0,息,53.90,44.10,49.00,49.00,除權息資料,110年第1季,34.77,0.99,
193,108年07月05日,2421,建準,33.65,31.65,2.0,息,34.80,28.50,31.65,31.65,除權息資料,110年第1季,18.61,0.37,
194,108年07月05日,2453,凌群,14.75,14.25,0.5,息,15.65,12.85,14.25,14.25,除權息資料,110年第1季,19.25,0.43,
195,108年07月05日,2493,揚博,31.05,28.55,2.5,息,31.40,25.70,28.55,28.55,除權息資料,110年第1季,18.85,0.78,
196,108年07月05日,2915,潤泰全,76.00,70.50,5.5,息,77.50,63.50,70.50,70.50,除權息資料,110年第1季,157.46,12.8,
197,108年07月05日,3021,鴻名,15.25,14.50,0.75,息,15.95,13.05,14.50,14.50,除權息資料,110年第1季,12.99,0.36,
198,108年07月05日,4968,立積,92.30,90.80,1.492018,息,99.80,81.80,90.80,90.80,除權息資料,110年第1季,38.64,4.06,
199,108年07月05日,4989,榮科,25.60,24.00,1.6,息,26.40,21.60,24.00,24.00,除權息資料,110年第1季,14.14,0.64,
200,108年07月05日,9188,精熙-DR,4.80,4.65,0.14080499999999999,息,5.11,4.19,4.65,4.65,除權息資料,97年第4季,0.00,0.83,
201,108年07月05日,9939,宏全,56.70,54.40,2.3,息,59.80,49.00,54.40,54.40,除權息資料,110年第1季,42.41,1.67,
202,108年07月05日,9945,潤泰新,44.55,42.55,2.0,息,46.80,38.30,42.55,42.55,除權息資料,110年第1季,62.70,4.56,
203,108年07月08日,1582,信錦,84.90,78.40,6.5,息,86.20,70.60,78.40,78.40,除權息資料,110年第1季,48.44,1.02,
204,108年07月08日,1802,台玻,12.25,11.95,0.3,息,13.10,10.80,11.95,11.95,除權息資料,110年第1季,15.59,0.61,
205,108年07月08日,2017,官田鋼,8.02,7.62,0.4,息,8.38,6.86,7.62,7.62,除權息資料,110年第1季,12.62,0.48,
206,108年07月08日,2357,華碩,232.00,217.00,15.0,息,238.50,195.50,217.00,217.00,除權息資料,110年第1季,291.87,13.18,
207,108年07月08日,2433,互盛電,50.10,46.60,3.5,息,51.20,41.95,46.60,46.60,除權息資料,110年第1季,30.42,0.61,
208,108年07月08日,2454,聯發科,321.00,312.00,9.0,息,343.00,281.00,312.00,312.00,除權息資料,110年第1季,260.17,16.21,
209,108年07月08日,2612,中航,34.45,32.85,1.6,息,36.10,29.60,32.85,32.85,除權息資料,110年第1季,50.81,1.12,
210,108年07月08日,3028,增你強,23.45,21.75,1.7,息,23.90,19.60,21.75,21.75,除權息資料,110年第1季,21.47,0.9,
211,108年07月08日,3035,智原,54.50,53.70,0.8,息,59.00,48.35,53.70,53.70,除權息資料,110年第1季,26.56,0.68,
212,108年07月08日,3090,日電貿,60.30,53.80,6.5,息,59.10,48.45,53.80,53.80,除權息資料,110年第1季,24.60,1.25,
213,108年07月08日,3130,一零四,173.50,164.98,8.510256,息,181.00,148.50,165.00,164.98,除權息資料,110年第1季,47.11,3.13,
214,108年07月08日,3698,隆達,15.20,15.00,0.197021,息,16.50,13.50,15.00,15.00,除權息資料,109年第4季,19.66,-1.24,
215,108年07月08日,4739,康普,84.20,81.00,3.2,息,89.10,72.90,81.00,81.00,除權息資料,110年第1季,39.44,1.0,
216,108年07月08日,4958,臻鼎-KY,104.50,100.04,4.4597739999999995,息,110.00,90.10,100.00,100.04,除權息資料,110年第1季,78.94,1.0,
217,108年07月08日,5876,上海商銀,57.40,55.40,2.0,息,60.90,49.90,55.40,55.40,除權息資料,110年第1季,35.70,0.83,
218,108年07月08日,6136,富爾特,21.25,19.75,1.5,息,21.70,17.80,19.75,19.75,除權息資料,110年第1季,23.34,-0.07,
219,108年07月08日,6205,詮欣,27.85,26.35,1.5,息,28.95,23.75,26.35,26.35,除權息資料,110年第1季,25.99,0.3,
220,108年07月08日,8462,柏文,301.00,269.10,31.895917999999998,權息,296.00,242.50,269.00,269.10,除權息資料,110年第1季,30.28,1.28,
221,108年07月08日,8481,政伸,61.30,58.30,3.0,息,64.10,52.50,58.30,58.30,除權息資料,110年第1季,22.74,1.41,
222,108年07月08日,9904,寶成,39.10,37.60,1.5,息,41.35,33.85,37.60,37.60,除權息資料,110年第1季,41.37,2.13,
223,108年07月09日,1464,得力,26.40,24.90,1.5,息,27.35,22.45,24.90,24.90,除權息資料,110年第1季,12.40,0.25,
224,108年07月09日,1507,永大,67.50,65.70,1.8,息,72.20,59.20,65.70,65.70,除權息資料,110年第1季,29.43,0.53,
225,108年07月09日,1612,宏泰,10.20,9.88,0.32,息,10.85,8.90,9.88,9.88,除權息資料,110年第1季,17.54,0.56,
226,108年07月09日,1615,大山,17.95,16.60,1.35,息,18.25,14.95,16.60,16.60,除權息資料,110年第1季,17.00,0.36,
227,108年07月09日,2312,金寶,10.60,10.30,0.3,息,11.30,9.27,10.30,10.30,除權息資料,110年第1季,11.34,0.06,
228,108年07月09日,2314,台揚,25.60,25.40,0.2,息,27.90,22.90,25.40,25.40,除權息資料,110年第1季,10.10,-0.49,
229,108年07月09日,2395,研華,264.00,257.20,6.7956710000000005,息,282.50,231.50,257.00,257.20,除權息資料,110年第1季,40.61,2.48,
230,108年07月09日,2404,漢唐,157.50,147.50,10.0,息,162.00,133.00,147.50,147.50,除權息資料,110年第1季,39.61,3.92,
231,108年07月09日,2467,志聖,33.65,31.15,2.5,息,34.25,28.05,31.15,31.15,除權息資料,110年第1季,18.00,1.01,
232,108年07月09日,2634,漢翔,34.40,33.06,1.34,息,36.35,29.80,33.05,33.06,除權息資料,110年第1季,14.55,-0.28,
233,108年07月09日,2809,京城銀,34.35,32.85,1.5,息,36.10,29.60,32.85,32.85,除權息資料,110年第1季,42.89,2.17,
234,108年07月09日,2887E,台新戊特,55.50,53.12,2.375,息,58.40,47.85,53.10,53.12,除權息資料,109年第4季,15.88,1.17,
235,108年07月09日,2887F,台新戊特二,51.70,51.53,0.166575,息,56.60,46.40,51.50,51.53,除權息資料,109年第4季,15.88,1.17,
236,108年07月09日,3031,佰鴻,12.35,11.83,0.52,息,13.00,10.65,11.85,11.83,除權息資料,110年第1季,15.76,0.28,
237,108年07月09日,3044,健鼎,112.00,106.10,5.9,息,116.50,95.50,106.00,106.10,除權息資料,110年第1季,72.15,2.68,
238,108年07月09日,3045,台灣大,122.00,116.45,5.54897,息,128.00,105.00,116.50,116.45,除權息資料,110年第1季,24.29,1.01,
239,108年07月09日,3708,上緯投控,84.80,79.80,5.0,息,87.70,71.90,79.80,79.80,除權息資料,110年第1季,58.15,0.59,
240,108年07月09日,4144,康聯-KY,29.35,28.82,0.525,息,31.70,25.95,28.80,28.82,除權息資料,109年第2季,28.57,-0.93,
241,108年07月09日,4164,承業醫,45.00,43.20,1.7938880000000001,息,47.50,38.90,43.20,43.20,除權息資料,110年第1季,38.12,0.67,
242,108年07月09日,4560,強信-KY,55.60,52.12,3.4705160000000004,息,57.30,46.95,52.10,52.12,除權息資料,110年第1季,22.99,0.28,
243,108年07月09日,5215,科嘉-KY,43.80,41.30,2.5,息,45.40,37.20,41.30,41.30,除權息資料,110年第1季,46.18,3.12,
244,108年07月09日,6197,佳必琪,31.70,29.70,2.0,息,32.65,26.75,29.70,29.70,除權息資料,110年第1季,22.05,0.48,
245,108年07月09日,6525,捷敏-KY,76.50,65.90,10.590909,權息,72.40,59.40,65.90,65.90,除權息資料,110年第1季,26.93,1.53,
246,108年07月09日,6591,動力-KY,43.05,41.55,1.4975889999999998,息,45.70,37.40,41.55,41.55,除權息資料,110年第1季,45.41,2.41,
247,108年07月09日,8046,南電,40.40,39.70,0.7,息,43.65,35.75,39.70,39.70,除權息資料,110年第1季,52.45,2.45,
248,108年07月09日,8163,達方,46.50,43.00,3.5,息,47.30,38.70,43.00,43.00,除權息資料,110年第1季,31.84,0.72,
249,108年07月09日,8926,台汽電,27.55,26.05,1.5,息,28.65,23.45,26.05,26.05,除權息資料,110年第1季,20.96,0.51,
250,108年07月10日,1232,大統益,130.00,125.00,5.0,息,137.50,112.50,125.00,125.00,除權息資料,110年第1季,31.52,3.05,
251,108年07月10日,1233,天仁,39.60,37.70,1.9,息,41.45,33.95,37.70,37.70,除權息資料,110年第1季,16.45,0.18,
252,108年07月10日,1618,合機,8.50,8.20,0.3,息,9.02,7.38,8.20,8.20,除權息資料,110年第1季,19.91,0.28,
253,108年07月10日,1723,中碳,135.00,129.70,5.3,息,142.50,117.00,129.50,129.70,除權息資料,110年第1季,29.35,1.01,
254,108年07月10日,2369,菱生,8.40,8.20,0.1999,息,9.02,7.38,8.20,8.20,除權息資料,110年第1季,13.56,0.29,
255,108年07月10日,2464,盟立,48.95,45.65,3.3,息,50.20,41.10,45.65,45.65,除權息資料,110年第1季,21.62,0.72,
256,108年07月10日,3094,聯傑,18.00,17.20,0.8,息,18.90,15.50,17.20,17.20,除權息資料,110年第1季,12.98,0.21,
257,108年07月10日,3532,台勝科,120.50,111.50,9.0,息,122.50,100.50,111.50,111.50,除權息資料,110年第1季,53.24,0.84,
258,108年07月10日,5471,松翰,32.20,30.12,2.08,息,33.10,27.15,30.10,30.12,除權息資料,110年第1季,24.72,1.6,
259,108年07月10日,5538,東明-KY,35.85,33.85,2.0,息,37.20,30.50,33.85,33.85,除權息資料,110年第1季,25.79,1.2,
260,108年07月10日,6213,聯茂,117.50,113.70,3.8,息,125.00,102.50,113.50,113.70,除權息資料,110年第1季,41.96,1.93,
261,108年07月10日,6671,三能-KY,47.45,44.45,3.0,息,48.85,40.05,44.45,44.45,除權息資料,110年第1季,28.04,0.7,
262,108年07月10日,9802,鈺齊-KY,74.60,70.97,3.6257,息,78.00,63.90,71.00,70.97,除權息資料,110年第1季,45.76,1.75,
263,108年07月11日,1338,廣華-KY,70.40,66.90,3.5,息,73.50,60.30,66.90,66.90,除權息資料,110年第1季,76.93,1.37,
264,108年07月11日,1341,富林-KY,58.00,55.00,3.0,息,60.50,49.50,55.00,55.00,除權息資料,110年第1季,27.21,2.18,
265,108年07月11日,1419,新紡,41.80,40.95,0.8475219999999999,息,45.00,36.90,40.95,40.95,除權息資料,110年第1季,30.64,0.22,
266,108年07月11日,1476,儒鴻,398.00,387.00,11.0,息,425.50,348.50,387.00,387.00,除權息資料,110年第1季,74.75,4.95,
267,108年07月11日,1531,高林股,16.10,15.60,0.5,息,17.15,14.05,15.60,15.60,除權息資料,110年第1季,19.39,0.08,
268,108年07月11日,1592,英瑞-KY,27.00,26.15,0.843409,權,29.70,23.55,27.00,27.00,除權息資料,110年第1季,4.75,-3.54,
269,108年07月11日,1713,國化,18.70,17.99,0.71,息,19.75,16.20,18.00,17.99,除權息資料,110年第1季,16.02,0.23,
270,108年07月11日,1809,中釉,12.85,12.65,0.2,息,13.90,11.40,12.65,12.65,除權息資料,110年第1季,17.42,0.08,
271,108年07月11日,1904,正隆,20.60,19.50,1.1,息,21.45,17.55,19.50,19.50,除權息資料,110年第1季,24.09,1.12,
272,108年07月11日,2012,春雨,24.00,22.70,1.3,息,24.95,20.45,22.70,22.70,除權息資料,110年第1季,13.13,0.47,
273,108年07月11日,2313,華通,26.30,25.50,0.8,息,28.05,22.95,25.50,25.50,除權息資料,110年第1季,25.16,0.78,
274,108年07月11日,2344,華邦電,16.85,15.85,1.0,息,17.40,14.30,15.85,15.85,除權息資料,110年第1季,17.12,0.4,
275,108年07月11日,2345,智邦,133.00,129.00,3.9984,息,141.50,116.50,129.00,129.00,除權息資料,110年第1季,27.98,2.02,
276,108年07月11日,2356,英業達,25.50,24.00,1.5,息,26.40,21.60,24.00,24.00,除權息資料,110年第1季,14.65,0.32,
277,108年07月11日,2373,震旦行,99.20,93.20,6.0,息,102.50,83.90,93.20,93.20,除權息資料,110年第1季,35.29,1.15,
278,108年07月11日,2409,友達,9.30,8.80,0.5,息,9.68,7.92,8.80,8.80,除權息資料,110年第1季,20.11,1.25,
279,108年07月11日,2459,敦吉,39.70,36.70,3.0,息,40.35,33.05,36.70,36.70,除權息資料,110年第1季,40.31,1.18,
280,108年07月11日,2606,裕民,34.60,32.80,1.8,息,36.05,29.55,32.80,32.80,除權息資料,110年第1季,28.02,0.41,
281,108年07月11日,2888,新光金,9.50,9.30,0.2,息,10.20,8.37,9.30,9.30,除權息資料,109年第4季,18.12,1.12,
282,108年07月11日,2890,永豐金,13.00,12.36,0.636,息,13.55,11.15,12.35,12.36,除權息資料,109年第4季,13.83,1.09,
283,108年07月11日,3014,聯陽,36.40,33.69,2.700234,息,37.05,30.35,33.70,33.69,除權息資料,110年第1季,32.98,2.33,
284,108年07月11日,3026,禾伸堂,108.00,99.00,9.0,息,108.50,89.10,99.00,99.00,除權息資料,110年第1季,53.66,3.45,
285,108年07月11日,3050,鈺德,11.45,11.15,0.3,息,12.25,10.05,11.15,11.15,除權息資料,110年第1季,15.96,0.17,
286,108年07月11日,3705,永信,44.25,42.05,2.2,息,46.25,37.85,42.05,42.05,除權息資料,110年第1季,24.54,0.62,
287,108年07月11日,4133,亞諾法,28.50,27.90,0.6,息,30.65,25.15,27.90,27.90,除權息資料,110年第1季,19.50,0.16,
288,108年07月11日,4306,炎洲,13.15,12.57,0.571554,權息,13.90,11.35,12.65,12.65,除權息資料,110年第1季,19.07,1.83,
289,108年07月11日,5305,敦南,34.85,32.65,2.19919,息,35.90,29.40,32.65,32.65,除權息資料,109年第3季,30.01,7.7,
290,108年07月11日,6115,鎰勝,43.90,40.90,3.0,息,44.95,36.85,40.90,40.90,除權息資料,110年第1季,25.91,0.75,
291,108年07月11日,6214,精誠,77.30,72.30,5.0,息,79.50,65.10,72.30,72.30,除權息資料,110年第1季,56.97,2.03,
292,108年07月11日,6278,台表科,70.00,68.70,1.3,息,75.50,61.90,68.70,68.70,除權息資料,110年第1季,47.51,1.37,
293,108年07月11日,6477,安集,23.80,23.00,0.8,息,25.30,20.70,23.00,23.00,除權息資料,110年第1季,23.36,0.09,
294,108年07月11日,6666,羅麗芬-KY,227.00,200.00,27.0,權息,220.00,180.00,200.00,200.00,除權息資料,110年第1季,34.65,0.31,
295,108年07月11日,6669,緯穎,356.50,340.50,16.0,息,374.50,306.50,340.50,340.50,除權息資料,110年第1季,149.86,9.72,
296,108年07月11日,8072,陞泰,20.55,20.05,0.5,息,22.05,18.05,20.05,20.05,除權息資料,110年第1季,27.12,0.06,
297,108年07月11日,8104,錸寶,57.50,54.50,3.0,息,59.90,49.05,54.50,54.50,除權息資料,110年第1季,30.72,1.01,
298,108年07月11日,8210,勤誠,68.20,64.20,4.0,息,70.60,57.80,64.20,64.20,除權息資料,110年第1季,33.48,1.05,
299,108年07月11日,8464,億豐,251.50,241.50,10.0,息,265.50,217.50,241.50,241.50,除權息資料,110年第1季,56.69,4.38,
300,108年07月11日,8478,東哥遊艇,42.20,40.19,2.00066,息,44.20,36.20,40.20,40.19,除權息資料,110年第1季,27.85,0.1,
301,108年07月11日,9924,福興,46.85,44.45,2.4,息,48.85,40.05,44.45,44.45,除權息資料,110年第1季,31.92,0.88,
302,108年07月11日,9930,中聯資源,53.30,51.30,2.0,息,56.40,46.20,51.30,51.30,除權息資料,110年第1季,22.50,0.79,
303,108年07月12日,1325,恆大,16.05,15.55,0.5,息,17.10,14.00,15.55,15.55,除權息資料,110年第1季,45.62,1.84,
304,108年07月12日,1611,中電,9.59,9.44,0.15,息,10.35,8.50,9.44,9.44,除權息資料,110年第1季,13.14,0.08,
305,108年07月12日,2020,美亞,16.60,15.20,1.4,息,16.70,13.70,15.20,15.20,除權息資料,110年第1季,15.76,1.47,
306,108年07月12日,2375,凱美,45.80,42.80,3.0,息,47.05,38.55,42.80,42.80,除權息資料,110年第1季,59.21,1.8,
307,108年07月12日,2462,良得電,28.25,27.75,0.5,息,30.50,25.00,27.75,27.75,除權息資料,110年第1季,17.97,-0.3,
308,108年07月12日,2615,萬海,19.45,18.84,0.605629,息,20.70,17.00,18.85,18.84,除權息資料,110年第1季,26.77,6.62,
309,108年07月12日,2838A,聯邦銀甲特,55.30,52.90,2.4,息,58.10,47.65,52.90,52.90,除權息資料,110年第1季,18.47,0.31,
310,108年07月12日,2897A,王道銀甲特,10.35,10.31,0.038424,息,11.30,9.28,10.30,10.31,除權息資料,110年第1季,11.92,0.17,
311,108年07月12日,3024,憶聲,7.00,6.68,0.32,息,7.34,6.02,6.68,6.68,除權息資料,110年第1季,9.54,0.06,
312,108年07月12日,3034,聯詠,183.00,174.20,8.8,息,191.50,157.00,174.00,174.20,除權息資料,110年第1季,75.63,9.66,
313,108年07月12日,3055,蔚華科,26.20,25.20,1.0,息,27.70,22.70,25.20,25.20,除權息資料,110年第1季,23.22,-1.06,
314,108年07月12日,3481,群創,7.41,7.35,0.06,息,8.08,6.62,7.35,7.35,除權息資料,110年第1季,25.21,1.15,
315,108年07月12日,4977,眾達-KY,95.70,89.41,6.2871,權息,98.30,80.50,89.40,89.41,除權息資料,110年第1季,32.94,0.71,
316,108年07月12日,4999,鑫禾,47.20,43.70,3.5,息,48.05,39.35,43.70,43.70,除權息資料,110年第1季,45.19,0.71,
317,108年07月12日,5515,建國,10.75,10.25,0.5,息,11.25,9.23,10.25,10.25,除權息資料,110年第1季,18.14,0.54,
318,108年07月12日,6166,凌華,40.55,39.24,1.300016,息,43.15,35.35,39.25,39.24,除權息資料,110年第1季,20.78,0.01,
319,108年07月12日,6192,巨路,82.00,78.70,3.3,息,86.50,70.90,78.70,78.70,除權息資料,110年第1季,47.02,1.62,
320,108年07月15日,1104,環泥,20.00,19.00,1.0,息,20.90,17.10,19.00,19.00,除權息資料,110年第1季,28.89,0.35,
321,108年07月15日,1215,卜蜂,69.40,66.40,3.0,息,73.00,59.80,66.40,66.40,除權息資料,110年第1季,32.94,1.45,
322,108年07月15日,1410,南染,27.25,25.95,1.3,息,28.50,23.40,25.95,25.95,除權息資料,110年第1季,17.59,0.26,
323,108年07月15日,1614,三洋電,28.60,27.69,0.9085979999999999,息,30.45,24.95,27.70,27.69,除權息資料,110年第1季,19.75,0.23,
324,108年07月15日,2324,仁寶,20.45,19.25,1.2,息,21.15,17.35,19.25,19.25,除權息資料,110年第1季,23.59,0.6,
325,108年07月15日,2376,技嘉,53.50,50.50,3.0,息,55.50,45.45,50.50,50.50,除權息資料,110年第1季,48.39,4.34,
326,108年07月15日,2401,凌陽,13.10,12.74,0.36,息,14.00,11.50,12.75,12.74,除權息資料,110年第1季,14.69,0.37,
327,108年07月15日,2608,嘉里大榮,37.60,36.04,1.56,息,39.60,32.45,36.05,36.04,除權息資料,110年第1季,22.64,0.65,
328,108年07月15日,2616,山隆,30.85,29.24,1.6000020000000001,息,32.15,26.35,29.25,29.24,除權息資料,110年第1季,38.41,0.64,
329,108年07月15日,2891,中信金,21.60,20.60,1.0,息,22.65,18.55,20.60,20.60,除權息資料,109年第4季,20.26,2.15,
330,108年07月15日,2891B,中信金乙特,65.00,62.75,2.25,息,69.00,56.50,62.80,62.75,除權息資料,109年第4季,20.26,2.15,
331,108年07月15日,2903,遠百,23.70,22.85,0.85,息,25.10,20.60,22.85,22.85,除權息資料,110年第1季,22.90,0.5,
332,108年07月15日,6257,矽格,31.25,29.19,2.059843,息,32.10,26.30,29.20,29.19,除權息資料,110年第1季,29.06,1.27,
333,108年07月15日,6533,晶心科,127.50,126.80,0.697086,息,139.00,114.50,127.00,126.80,除權息資料,110年第1季,27.94,0.65,
334,108年07月15日,6670,復盛應用,199.00,188.00,11.0,息,206.50,169.50,188.00,188.00,除權息資料,110年第1季,54.32,5.84,
335,108年07月15日,8016,矽創,145.50,140.50,5.0,息,154.50,126.50,140.50,140.50,除權息資料,110年第1季,54.58,6.55,
336,108年07月15日,9902,台火,9.90,9.60,0.3,息,10.55,8.64,9.60,9.60,除權息資料,110年第1季,12.60,0.05,
337,108年07月15日,9907,統一實,13.25,12.78,0.47,息,14.05,11.55,12.80,12.78,除權息資料,110年第1季,12.00,0.12,
338,108年07月16日,"=""00714""",群益道瓊美國地產,22.25,22.11,0.135,息,"9,999.95",0.01,22.11,22.11,除權息資料,,,,
339,108年07月16日,1109,信大,19.20,18.40,0.8,息,20.20,16.60,18.40,18.40,除權息資料,110年第1季,22.68,0.83,
340,108年07月16日,1312A,國喬特,33.95,33.35,0.6,息,36.65,30.05,33.35,33.35,除權息資料,110年第1季,32.93,2.13,
341,108年07月16日,1313,聯成,11.25,11.05,0.198454,息,12.15,9.95,11.05,11.05,除權息資料,110年第1季,19.71,0.99,
342,108年07月16日,1454,台富,8.12,7.92,0.2,息,8.71,7.13,7.92,7.92,除權息資料,110年第1季,12.78,-0.05,
343,108年07月16日,1524,耿鼎,10.45,9.95,0.5,息,10.90,8.96,9.95,9.95,除權息資料,110年第1季,13.37,0.13,
344,108年07月16日,1532,勤美,36.40,33.70,2.7,息,37.05,30.35,33.70,33.70,除權息資料,110年第1季,32.22,0.46,
345,108年07月16日,1717,長興,26.65,25.75,0.9,息,28.30,23.20,25.75,25.75,除權息資料,110年第1季,18.90,0.66,
346,108年07月16日,1907,永豐餘,12.55,11.95,0.6,息,13.10,10.80,11.95,11.95,除權息資料,110年第1季,27.37,0.94,
347,108年07月16日,2006,東和鋼鐵,23.65,22.45,1.2,息,24.65,20.25,22.45,22.45,除權息資料,110年第1季,27.28,1.38,
348,108年07月16日,2031,新光鋼,31.40,29.90,1.5,息,32.85,26.95,29.90,29.90,除權息資料,110年第1季,27.33,2.0,
349,108年07月16日,2207,和泰車,492.00,480.00,12.0,息,528.00,432.00,480.00,480.00,除權息資料,110年第1季,112.30,9.16,
350,108年07月16日,2303,聯電,14.90,14.31,0.589893,息,15.70,12.90,14.30,14.31,除權息資料,110年第1季,20.12,0.85,
351,108年07月16日,2419,仲琦,21.30,20.48,0.813529,息,22.50,18.45,20.50,20.48,除權息資料,110年第1季,15.53,0.0,
352,108年07月16日,2483,百容,21.35,20.06,1.288024,息,22.05,18.10,20.05,20.06,除權息資料,110年第1季,21.37,0.08,
353,108年07月16日,2855,統一證,13.75,13.05,0.6990689999999999,息,14.35,11.75,13.05,13.05,除權息資料,110年第1季,21.75,0.68,
354,108年07月16日,2906,高林,11.80,11.40,0.4,息,12.50,10.30,11.40,11.40,除權息資料,110年第1季,14.48,0.05,
355,108年07月16日,2908,特力,22.15,20.84,1.3037040000000002,息,22.90,18.80,20.85,20.84,除權息資料,110年第1季,12.90,0.56,
356,108年07月16日,3305,昇貿,20.75,19.72,1.02726,息,21.65,17.75,19.70,19.72,除權息資料,110年第1季,31.92,1.04,
357,108年07月16日,3450,聯鈞,59.80,56.80,3.0,息,62.40,51.20,56.80,56.80,除權息資料,110年第1季,27.20,0.62,
358,108年07月16日,3545,敦泰,23.60,23.07,0.520108,息,25.35,20.80,23.05,23.07,除權息資料,110年第1季,41.30,4.24,
359,108年07月16日,3679,新至陞,48.90,45.90,3.0,息,50.40,41.35,45.90,45.90,除權息資料,110年第1季,74.37,3.49,
360,108年07月16日,4904,遠傳,76.00,72.25,3.75,息,79.40,65.10,72.30,72.25,除權息資料,110年第1季,21.22,0.56,
361,108年07月16日,5284,jpp-KY,60.70,58.10,2.6,息,63.90,52.30,58.10,58.10,除權息資料,110年第1季,41.15,1.25,
362,108年07月16日,5469,瀚宇博,32.65,31.03,1.61706,權息,34.10,27.95,31.05,31.03,除權息資料,110年第1季,57.21,1.48,
363,108年07月16日,5522,遠雄,41.00,38.00,3.0,息,41.80,34.20,38.00,38.00,除權息資料,110年第1季,51.09,0.97,
364,108年07月16日,6141,柏承,19.65,19.55,0.1,息,21.50,17.60,19.55,19.55,除權息資料,110年第1季,19.73,0.62,
365,108年07月16日,6196,帆宣,53.10,50.10,2.996839,息,55.10,45.10,50.10,50.10,除權息資料,110年第1季,34.46,1.11,
366,108年07月16日,6415,矽力-KY,650.00,643.47,6.5236730000000005,息,707.00,580.00,643.00,643.47,除權息資料,110年第1季,206.66,10.69,
367,108年07月16日,8070,長華*,172.50,160.50,12.0,息,176.50,144.50,160.50,160.50,除權息資料,110年第1季,11.25,0.36,
368,108年07月16日,8131,福懋科,36.95,34.45,2.5,息,37.85,31.05,34.45,34.45,除權息資料,110年第1季,27.83,0.82,
369,108年07月17日,"=""00702""",國泰標普低波高息,21.67,21.22,0.45,息,"9,999.95",0.01,21.22,21.22,除權息資料,,,,
370,108年07月17日,"=""00735""",國泰臺韓科技,18.26,18.07,0.19,息,"9,999.95",0.01,18.07,18.07,除權息資料,,,,
371,108年07月17日,"=""00736""",國泰新興市場,20.37,20.20,0.17,息,"9,999.95",0.01,20.20,20.20,除權息資料,,,,
372,108年07月17日,1236,宏亞,13.75,13.35,0.4,息,14.65,12.05,13.35,13.35,除權息資料,110年第1季,15.29,0.57,
373,108年07月17日,1256,鮮活果汁-KY,240.00,212.54,27.454546,權息,233.50,191.50,212.50,212.54,除權息資料,110年第1季,83.26,5.88,
374,108年07月17日,1434,福懋,39.40,37.30,2.1,息,41.00,33.60,37.30,37.30,除權息資料,110年第1季,36.83,0.34,
375,108年07月17日,1463,強盛,16.15,14.75,1.4,息,16.20,13.30,14.75,14.75,除權息資料,110年第1季,13.25,0.19,
376,108年07月17日,1734,杏輝,19.80,19.70,0.1,息,21.65,17.75,19.70,19.70,除權息資料,110年第1季,15.88,0.03,
377,108年07月17日,1736,喬山,79.00,78.35,0.65,息,86.10,70.60,78.40,78.35,除權息資料,110年第1季,30.41,0.22,
378,108年07月17日,2029,盛餘,19.60,19.35,0.25,息,21.25,17.45,19.35,19.35,除權息資料,110年第1季,27.92,0.86,
379,108年07月17日,2030,彰源,13.40,12.40,1.0,息,13.60,11.20,12.40,12.40,除權息資料,110年第1季,14.34,0.45,
380,108年07月17日,2426,鼎元,17.90,16.70,1.2,息,18.35,15.05,16.70,16.70,除權息資料,110年第1季,12.56,0.25,
381,108年07月17日,2448,晶電,24.60,24.30,0.3,息,26.70,21.90,24.30,24.30,除權息資料,109年第4季,35.00,-7.52,
382,108年07月17日,3015,全漢,20.35,19.10,1.25,息,21.00,17.20,19.10,19.10,除權息資料,110年第1季,60.28,0.7,
383,108年07月17日,6206,飛捷,80.60,75.60,5.0,息,83.10,68.10,75.60,75.60,除權息資料,110年第1季,30.90,0.6,
384,108年07月17日,8996,高力,44.55,42.55,2.0,息,46.80,38.30,42.55,42.55,除權息資料,110年第1季,19.93,0.2,
385,108年07月18日,"=""006208""",富邦台50,47.41,46.74,0.661,息,51.40,42.07,46.74,46.74,除權息資料,110年05月18日,75.85,,
386,108年07月18日,"=""00692""",富邦公司治理,21.69,21.43,0.256,息,23.57,19.29,21.43,21.43,除權息資料,110年05月18日,33.77,,
387,108年07月18日,"=""00717""",富邦美國特別股,20.08,19.85,0.225,息,"9,999.95",0.01,19.85,19.85,除權息資料,,,,
388,108年07月18日,1110,東泥,16.90,16.80,0.1,息,18.45,15.15,16.80,16.80,除權息資料,110年第1季,14.95,0.03,
389,108年07月18日,1219,福壽,18.00,17.90,0.1,息,19.65,16.15,17.90,17.90,除權息資料,110年第1季,14.45,0.73,
390,108年07月18日,1227,佳格,61.50,59.00,2.5,息,64.90,53.10,59.00,59.00,除權息資料,110年第1季,20.16,0.62,
391,108年07月18日,1414,東和,7.06,6.86,0.2,息,7.54,6.18,6.86,6.86,除權息資料,110年第1季,14.43,0.08,
392,108年07月18日,1519,華城,27.80,27.50,0.3,息,30.25,24.75,27.50,27.50,除權息資料,110年第1季,12.32,0.04,
393,108年07月18日,1535,中宇,33.45,32.35,1.1,息,35.55,29.15,32.35,32.35,除權息資料,110年第1季,24.68,0.72,
394,108年07月18日,1905,華紙,10.85,10.50,0.35,息,11.55,9.45,10.50,10.50,除權息資料,110年第1季,13.84,0.09,
395,108年07月18日,2013,中鋼構,25.20,24.73,0.47,息,27.20,22.30,24.75,24.73,除權息資料,110年第1季,25.90,0.39,
396,108年07月18日,2204,中華,28.35,26.65,1.7,息,29.30,24.00,26.65,26.65,除權息資料,110年第1季,78.54,2.35,
397,108年07月18日,2417,圓剛,11.20,11.10,0.1,息,12.20,9.99,11.10,11.10,除權息資料,110年第1季,21.90,0.46,
398,108年07月18日,2449,京元電子,32.55,31.20,1.35,息,34.30,28.10,31.20,31.20,除權息資料,110年第1季,25.22,0.94,
399,108年07月18日,2496,卓越,82.90,78.90,4.0,息,86.70,71.10,78.90,78.90,除權息資料,110年第1季,43.69,0.79,
400,108年07月18日,2535,達欣工,21.95,20.32,1.621114,息,22.35,18.30,20.30,20.32,除權息資料,110年第1季,23.45,0.68,
401,108年07月18日,2613,中櫃,13.45,13.16,0.282731,息,14.45,11.85,13.15,13.16,除權息資料,110年第1季,22.35,0.03,
402,108年07月18日,2707,晶華,188.00,176.98,11.017956,息,194.50,159.50,177.00,176.98,除權息資料,110年第1季,23.60,2.11,
403,108年07月18日,3032,偉訓,29.05,26.80,2.25,息,29.45,24.15,26.80,26.80,除權息資料,110年第1季,23.17,0.64,
404,108年07月18日,3550,聯穎,15.80,14.80,1.0,息,16.25,13.35,14.80,14.80,除權息資料,110年第1季,22.67,0.46,
405,108年07月18日,3591,艾笛森,14.45,14.15,0.299996,息,15.55,12.75,14.15,14.15,除權息資料,110年第1季,21.05,0.29,
406,108年07月18日,3617,碩天,97.70,92.40,5.3,息,101.50,83.20,92.40,92.40,除權息資料,110年第1季,51.67,0.9,
407,108年07月18日,4562,穎漢,33.50,32.00,1.5,息,35.20,28.80,32.00,32.00,除權息資料,110年第1季,13.70,-0.35,
408,108年07月18日,4935,茂林-KY,59.50,58.70,0.8,息,64.50,52.90,58.70,58.70,除權息資料,110年第1季,57.79,2.49,
409,108年07月18日,6189,豐藝,35.15,32.52,2.63,息,35.75,29.30,32.50,32.52,除權息資料,110年第1季,23.05,1.23,
410,108年07月18日,6451,訊芯-KY,112.00,109.66,2.333239,息,120.50,98.70,109.50,109.66,除權息資料,110年第1季,60.10,2.16,
411,108年07月18日,8222,寶一,20.50,20.00,0.5,息,22.00,18.00,20.00,20.00,除權息資料,110年第1季,12.01,-0.43,
412,108年07月18日,8249,菱光,23.15,21.85,1.3,息,24.00,19.70,21.85,21.85,除權息資料,110年第1季,28.91,0.31,
413,108年07月18日,8497,格威傳媒,53.20,49.70,3.5,息,54.60,44.75,49.70,49.70,除權息資料,109年第2季,6.84,-1.4,
414,108年07月18日,9911,櫻花,48.90,46.25,2.65,息,50.80,41.65,46.25,46.25,除權息資料,110年第1季,24.20,1.34,
415,108年07月18日,9917,中保科,89.90,85.90,4.0,息,94.40,77.40,85.90,85.90,除權息資料,110年第1季,26.89,1.33,
416,108年07月18日,9919,康那香,10.75,10.55,0.2,息,11.60,9.50,10.55,10.55,除權息資料,110年第1季,13.16,0.2,
417,108年07月19日,"=""0050""",元大台灣50,82.70,82.00,0.7,息,90.20,73.80,82.00,82.00,除權息資料,110年05月18日,132.17,,
418,108年07月19日,"=""006203""",元大MSCI台灣,39.00,38.60,0.4,息,42.46,34.74,38.60,38.60,除權息資料,110年05月18日,62.42,,
419,108年07月19日,1319,東陽,47.70,46.00,1.7,息,50.60,41.40,46.00,46.00,除權息資料,110年第1季,36.99,0.42,
420,108年07月19日,1323,永裕,35.15,33.35,1.8,息,36.65,30.05,33.35,33.35,除權息資料,110年第1季,23.44,0.62,
421,108年07月19日,1402,遠東新,33.90,32.10,1.8,息,35.30,28.90,32.10,32.10,除權息資料,110年第1季,38.58,0.54,
422,108年07月19日,2010,春源,10.80,10.24,0.56,息,11.25,9.22,10.25,10.24,除權息資料,110年第1季,16.51,0.4,
423,108年07月19日,2206,三陽工業,22.55,21.55,1.0,息,23.70,19.40,21.55,21.55,除權息資料,110年第1季,19.27,0.74,
424,108年07月19日,2367,燿華,24.25,23.85,0.4,息,26.20,21.50,23.85,23.85,除權息資料,110年第1季,17.56,1.89,
425,108年07月19日,4564,元翎,58.00,55.50,2.5,息,61.00,49.95,55.50,55.50,除權息資料,110年第1季,23.24,0.51,
426,108年07月19日,5706,鳳凰,39.00,35.60,3.390476,權息,39.15,32.05,35.60,35.60,除權息資料,110年第1季,18.28,0.87,
427,108年07月19日,6672,騰輝電子-KY,80.60,77.25,3.347,息,84.90,69.60,77.30,77.25,除權息資料,110年第1季,36.84,2.72,
428,108年07月19日,8374,羅昇,19.80,19.30,0.5,息,21.20,17.40,19.30,19.30,除權息資料,110年第1季,18.01,0.44,
429,108年07月22日,1455,集盛,9.19,8.99,0.2,息,9.88,8.10,8.99,8.99,除權息資料,110年第1季,13.01,0.72,
430,108年07月22日,1477,聚陽,214.00,197.04,16.952381,權息,216.50,177.50,197.00,197.04,除權息資料,110年第1季,48.74,2.92,
431,108年07月22日,1708,東鹼,28.00,26.19,1.8095240000000001,權息,28.80,23.60,26.20,26.19,除權息資料,110年第1季,24.50,0.23,
432,108年07月22日,1735,日勝化,16.15,16.00,0.15,息,17.60,14.40,16.00,16.00,除權息資料,110年第1季,14.90,0.02,
433,108年07月22日,2105,正新,40.40,39.30,1.1,息,43.20,35.40,39.30,39.30,除權息資料,110年第1季,25.20,0.56,
434,108年07月22日,2301,光寶科,47.10,44.18,2.92,息,48.55,39.80,44.20,44.18,除權息資料,110年第1季,30.38,1.83,
435,108年07月22日,2387,精元,32.80,31.79,1.005361,息,34.95,28.65,31.80,31.79,除權息資料,110年第1季,39.48,1.0,
436,108年07月22日,2442,新美齊,15.40,13.53,1.860769,權息,14.85,12.20,13.55,13.53,除權息資料,110年第1季,14.05,0.15,
437,108年07月22日,2636,台驊投控,26.55,24.35,2.2,息,26.75,21.95,24.35,24.35,除權息資料,110年第1季,31.08,3.16,
438,108年07月22日,3164,景岳,28.40,26.90,1.5,息,29.55,24.25,26.90,26.90,除權息資料,110年第1季,15.67,0.35,
439,108年07月22日,3231,緯創,25.30,23.81,1.487932,息,26.15,21.45,23.80,23.81,除權息資料,110年第1季,25.23,0.04,
440,108年07月22日,3380,明泰,20.85,19.84,1.000373,息,21.80,17.90,19.85,19.84,除權息資料,110年第1季,18.20,0.21,
441,108年07月22日,3413,京鼎,130.50,123.50,7.0,息,135.50,111.50,123.50,123.50,除權息資料,110年第1季,70.83,3.45,
442,108年07月22日,3504,揚明光,96.20,95.70,0.5,息,105.00,86.20,95.70,95.70,除權息資料,110年第1季,27.47,-0.28,
443,108年07月22日,4915,致伸,53.50,51.09,2.400257,息,56.10,46.00,51.10,51.09,除權息資料,110年第1季,30.44,1.13,
444,108年07月22日,6120,達運,18.00,17.66,0.34,息,19.40,15.90,17.65,17.66,除權息資料,110年第1季,14.30,-0.52,
445,108年07月22日,6442,光聖,39.80,36.47,3.32381,權息,40.10,32.85,36.45,36.47,除權息資料,110年第1季,24.91,0.21,
446,108年07月22日,8112,至上,31.90,28.90,3.0,息,31.75,26.05,28.90,28.90,除權息資料,110年第1季,19.84,1.62,
447,108年07月22日,8473,山林水,53.90,51.34,2.555632,息,56.40,46.25,51.30,51.34,除權息資料,110年第1季,42.67,1.08,
448,108年07月22日,9918,欣天然,34.55,33.40,1.15,息,36.70,30.10,33.40,33.40,除權息資料,110年第1季,18.03,0.76,
449,108年07月22日,9926,新海,41.00,39.50,1.5,息,43.45,35.55,39.50,39.50,除權息資料,110年第1季,19.24,0.7,
450,108年07月23日,1220,台榮,11.25,10.79,0.46,息,11.85,9.72,10.80,10.79,除權息資料,110年第1季,13.74,0.37,
451,108年07月23日,1465,偉全,14.90,14.60,0.3,息,16.05,13.15,14.60,14.60,除權息資料,110年第1季,16.43,-0.09,
452,108年07月23日,2201,裕隆,23.20,22.53,0.67,息,24.75,20.30,22.55,22.53,除權息資料,110年第1季,50.69,1.39,
453,108年07月23日,2610,華航,9.89,9.68,0.20960700000000002,息,10.60,8.72,9.68,9.68,除權息資料,110年第1季,10.40,-0.19,
454,108年07月23日,3583,辛耘,65.40,62.90,2.5,息,69.10,56.70,62.90,62.90,除權息資料,110年第1季,33.78,0.25,
455,108年07月23日,4119,旭富,107.50,103.30,4.2,息,113.50,93.00,103.50,103.30,除權息資料,110年第1季,42.10,0.52,
456,108年07月23日,4190,佐登-KY,116.00,111.50,4.5,息,122.50,100.50,111.50,111.50,除權息資料,110年第1季,35.07,1.22,
457,108年07月23日,4536,拓凱,180.00,174.50,5.5,息,191.50,157.50,174.50,174.50,除權息資料,110年第1季,61.03,2.51,
458,108年07月23日,4555,氣立,55.80,53.80,2.0,息,59.10,48.45,53.80,53.80,除權息資料,110年第1季,37.92,0.66,
459,108年07月23日,5434,崇越,87.10,81.80,5.3,息,89.90,73.70,81.80,81.80,除權息資料,110年第1季,52.67,2.5,
460,108年07月23日,6153,嘉聯益,32.30,31.06,1.2320389999999999,權息,34.15,28.00,31.05,31.06,除權息資料,110年第1季,28.46,-0.09,
461,108年07月23日,6226,光鼎,7.69,7.57,0.12,息,8.32,6.82,7.57,7.57,除權息資料,110年第1季,10.45,0.02,
462,108年07月23日,9910,豐泰,237.00,209.36,27.636364,權息,230.00,188.50,209.50,209.36,除權息資料,110年第1季,21.52,1.86,
463,108年07月24日,1102,亞泥,46.80,44.00,2.8,息,48.40,39.60,44.00,44.00,除權息資料,110年第1季,44.87,1.02,
464,108年07月24日,1540,喬福,22.05,20.55,1.5,息,22.60,18.50,20.55,20.55,除權息資料,110年第1季,15.88,0.24,
465,108年07月24日,1762,中化生,37.40,36.20,1.2,息,39.80,32.60,36.20,36.20,除權息資料,110年第1季,33.85,1.27,
466,108年07月24日,1783,和康生,27.50,26.81,0.6804979999999999,息,29.45,24.15,26.80,26.81,除權息資料,110年第1季,12.70,0.31,
467,108年07月24日,2352,佳世達,20.25,19.40,0.85,息,21.30,17.50,19.40,19.40,除權息資料,110年第1季,19.82,1.07,
468,108年07月24日,2633,台灣高鐵,43.45,42.33,1.12,息,46.55,38.10,42.35,42.33,除權息資料,110年第1季,12.70,0.24,
469,108年07月24日,3645,達邁,52.10,48.19,3.9095239999999998,權息,53.00,43.40,48.20,48.19,除權息資料,110年第1季,21.99,0.69,
470,108年07月24日,4720,德淵,13.80,13.65,0.15,息,15.00,12.30,13.65,13.65,除權息資料,110年第1季,12.96,0.07,
471,108年07月24日,6108,競國,30.65,28.15,2.5,息,30.95,25.35,28.15,28.15,除權息資料,110年第1季,21.69,0.21,
472,108年07月24日,8443,阿瘦,12.55,12.12,0.43,息,13.30,10.95,12.10,12.12,除權息資料,110年第1季,18.45,-0.72,
473,108年07月24日,9941,裕融,132.00,115.00,16.999999,權息,126.50,103.50,115.00,115.00,除權息資料,110年第1季,46.99,3.1,
474,108年07月24日,9941A,裕融甲特,54.10,53.67,0.421917,息,59.00,48.35,53.70,53.67,除權息資料,110年第1季,46.99,3.1,
475,108年07月25日,1234,黑松,33.30,31.70,1.6,息,34.85,28.55,31.70,31.70,除權息資料,110年第1季,45.29,0.33,
476,108年07月25日,1304,台聚,12.05,11.75,0.3,息,12.90,10.60,11.75,11.75,除權息資料,110年第1季,20.96,1.16,
477,108年07月25日,1305,華夏,24.15,21.77,2.371154,權息,23.90,19.60,21.75,21.77,除權息資料,110年第1季,19.09,1.49,
478,108年07月25日,1308,亞聚,14.25,13.95,0.3,息,15.30,12.60,13.95,13.95,除權息資料,110年第1季,22.43,0.95,
479,108年07月25日,1309,台達化,10.65,10.24,0.404902,權息,11.25,9.22,10.25,10.24,除權息資料,110年第1季,20.03,1.42,
480,108年07月25日,1473,台南,26.45,25.95,0.5,息,28.50,23.40,25.95,25.95,除權息資料,110年第1季,22.77,0.31,
481,108年07月25日,1522,堤維西,28.20,26.90,1.3,息,29.55,24.25,26.90,26.90,除權息資料,110年第1季,21.03,0.25,
482,108年07月25日,1528,恩德,9.48,9.28,0.2,息,10.20,8.36,9.28,9.28,除權息資料,110年第1季,10.78,0.05,
483,108年07月25日,1701,中化,19.55,18.75,0.8,息,20.60,16.90,18.75,18.75,除權息資料,110年第1季,23.66,0.43,
484,108年07月25日,1789,神隆,25.50,25.01,0.49,息,27.50,22.55,25.00,25.01,除權息資料,110年第1季,13.67,0.11,
485,108年07月25日,1810,和成,7.89,7.69,0.2,息,8.45,6.93,7.69,7.69,除權息資料,110年第1季,16.37,-0.03,
486,108年07月25日,2002,中鋼,25.00,24.00,1.0,息,26.40,21.60,24.00,24.00,除權息資料,110年第1季,19.86,0.58,
487,108年07月25日,2002A,中鋼特,48.70,47.30,1.4,息,52.00,42.60,47.30,47.30,除權息資料,110年第1季,19.86,0.58,
488,108年07月25日,2014,中鴻,10.65,10.55,0.1,息,11.60,9.50,10.55,10.55,除權息資料,110年第1季,11.92,1.18,
489,108年07月25日,2069,運錩,24.70,22.20,2.5,息,24.40,20.00,22.20,22.20,除權息資料,110年第1季,21.88,0.65,
490,108年07月25日,2317,鴻海,81.30,77.30,4.0,息,85.00,69.60,77.30,77.30,除權息資料,110年第1季,91.91,2.03,
491,108年07月25日,2354,鴻準,66.70,63.50,3.2,息,69.80,57.20,63.50,63.50,除權息資料,110年第1季,85.49,0.7,
492,108年07月25日,2412,中華電,112.00,107.52,4.479,息,118.00,96.80,107.50,107.52,除權息資料,110年第1季,49.73,1.14,
493,108年07月25日,2414,精技,22.20,20.75,1.45,息,22.80,18.70,20.75,20.75,除權息資料,110年第1季,18.00,0.86,
494,108年07月25日,2511,太子,11.90,11.25,0.65,息,12.35,10.15,11.25,11.25,除權息資料,110年第1季,15.63,0.51,
495,108年07月25日,2884,玉山金,28.10,25.57,2.528178,權息,28.10,23.05,25.55,25.57,除權息資料,110年第1季,14.91,0.41,
496,108年07月25日,3013,晟銘電,15.10,14.80,0.3,息,16.25,13.35,14.80,14.80,除權息資料,110年第1季,15.23,0.08,
497,108年07月25日,3406,玉晶光,416.50,413.00,3.4954,息,454.00,372.00,413.00,413.00,除權息資料,110年第1季,143.64,2.5,
498,108年07月25日,3605,宏致,22.55,21.85,0.7,息,24.00,19.70,21.85,21.85,除權息資料,110年第1季,36.97,1.24,
499,108年07月25日,4104,佳醫,54.70,51.70,3.0,息,56.80,46.55,51.70,51.70,除權息資料,110年第1季,51.11,0.93,
500,108年07月25日,4106,雃博,27.30,26.65,0.65,息,29.30,24.00,26.65,26.65,除權息資料,110年第1季,20.96,0.29,
501,108年07月25日,4137,麗豐-KY,275.50,263.50,12.0,息,289.50,237.50,263.50,263.50,除權息資料,110年第1季,58.76,3.91,
502,108年07月25日,4526,東台,18.30,18.00,0.3,息,19.80,16.20,18.00,18.00,除權息資料,110年第1季,18.82,-0.3,
503,108年07月25日,4540,全球傳動,74.00,70.40,3.6,息,77.40,63.40,70.40,70.40,除權息資料,110年第1季,32.60,0.1,
504,108年07月25日,4566,時碩工業,45.00,43.00,1.9942060000000001,息,47.30,38.70,43.00,43.00,除權息資料,110年第1季,34.18,0.78,
505,108年07月25日,6128,上福,35.15,33.15,2.0,息,36.45,29.85,33.15,33.15,除權息資料,110年第1季,25.17,0.44,
506,108年07月25日,6191,精成科,15.70,15.40,0.3,息,16.90,13.90,15.40,15.40,除權息資料,110年第1季,31.62,1.33,
507,108年07月25日,6271,同欣電,134.00,128.00,6.0,息,140.50,115.50,128.00,128.00,除權息資料,110年第1季,121.40,2.68,
508,108年07月25日,6277,宏正,93.50,85.50,8.0,息,94.00,77.00,85.50,85.50,除權息資料,110年第1季,38.18,1.43,
509,108年07月25日,6288,聯嘉,20.05,19.50,0.55,息,21.45,17.55,19.50,19.50,除權息資料,110年第1季,14.42,0.2,
510,108年07月25日,6416,瑞祺電通,80.80,77.30,3.5,息,85.00,69.60,77.30,77.30,除權息資料,110年第1季,43.42,1.0,
511,108年07月25日,6558,興能高,64.20,62.99,1.203624,息,69.20,56.70,63.00,62.99,除權息資料,110年第1季,16.06,0.29,
512,108年07月25日,6573,虹揚-KY,26.25,25.36,0.8841469999999999,權息,27.85,22.85,25.35,25.36,除權息資料,110年第1季,15.38,-0.54,
513,108年07月25日,6655,科定,44.75,44.20,0.541606,權,49.20,39.80,44.75,44.75,除權息資料,110年第1季,34.77,0.99,
514,108年07月25日,8021,尖點,20.25,19.05,1.2,息,20.95,17.15,19.05,19.05,除權息資料,110年第1季,31.79,0.65,
515,108年07月25日,8110,華東,10.50,10.20,0.3,息,11.20,9.18,10.20,10.20,除權息資料,110年第1季,24.32,0.06,
516,108年07月25日,8215,明基材,24.40,23.80,0.6,息,26.15,21.45,23.80,23.80,除權息資料,110年第1季,14.02,0.52,
517,108年07月25日,9905,大華,25.20,24.20,1.0,息,26.60,21.80,24.20,24.20,除權息資料,110年第1季,24.23,0.4,
518,108年07月25日,9908,大台北,29.95,28.85,1.1,息,31.70,26.00,28.85,28.85,除權息資料,110年第1季,23.38,0.41,
519,108年07月25日,9925,新保,38.75,36.75,2.0,息,40.40,33.10,36.75,36.75,除權息資料,110年第1季,27.16,0.48,
520,108年07月25日,9933,中鼎,47.00,44.74,2.254929,息,49.20,40.30,44.75,44.74,除權息資料,110年第1季,21.28,0.31,
521,108年07月26日,2360,致茂,159.50,155.32,4.1778260000000005,息,170.50,140.00,155.50,155.32,除權息資料,110年第1季,39.47,5.36,
522,108年07月26日,2427,三商電,10.50,10.10,0.4,息,11.10,9.09,10.10,10.10,除權息資料,110年第1季,12.17,0.13,
523,108年07月26日,2495,普安,13.55,13.15,0.4,息,14.45,11.85,13.15,13.15,除權息資料,110年第1季,14.62,0.12,
524,108年07月26日,2637,慧洋-KY,35.20,33.71,1.48709,息,37.05,30.35,33.70,33.71,除權息資料,110年第1季,38.92,1.19,
525,108年07月26日,3022,威強電,35.20,33.70,1.5,息,37.05,30.35,33.70,33.70,除權息資料,110年第1季,44.46,1.46,
526,108年07月26日,4551,智伸科,125.50,122.40,3.1,息,134.50,110.50,122.50,122.40,除權息資料,110年第1季,59.77,3.0,
527,108年07月26日,5283,禾聯碩,106.50,97.50,9.0,息,107.00,87.80,97.50,97.50,除權息資料,110年第1季,50.88,2.17,
528,108年07月26日,6414,樺漢,234.00,227.00,7.0,息,249.50,204.50,227.00,227.00,除權息資料,110年第1季,97.85,0.0,
529,108年07月29日,1503,士電,46.55,45.05,1.5,息,49.55,40.55,45.05,45.05,除權息資料,110年第1季,49.46,1.26,
530,108年07月29日,2382,廣達,61.50,57.95,3.55,息,63.70,52.20,58.00,57.95,除權息資料,110年第1季,40.44,1.84,
531,108年07月29日,2420,新巨,38.60,35.80,2.8,息,39.35,32.25,35.80,35.80,除權息資料,110年第1季,21.74,0.68,
532,108年07月29日,2471,資通,18.65,17.45,1.2,息,19.15,15.75,17.45,17.45,除權息資料,110年第1季,16.56,0.29,
533,108年07月29日,2536,宏普,21.45,20.45,1.0,息,22.45,18.45,20.45,20.45,除權息資料,110年第1季,36.71,0.21,
534,108年07月29日,3037,欣興,41.15,40.34,0.800053,息,44.35,36.35,40.35,40.34,除權息資料,110年第1季,34.46,1.49,
535,108年07月29日,4943,康控-KY,176.50,163.67,12.821696000000001,權息,180.00,147.50,163.50,163.67,除權息資料,110年第1季,30.62,-1.18,
536,108年07月29日,6269,台郡,96.40,91.40,4.99504,息,100.50,82.30,91.40,91.40,除權息資料,110年第1季,67.38,1.45,
537,108年07月29日,9937,全國,43.50,41.50,2.0,息,45.65,37.35,41.50,41.50,除權息資料,110年第1季,17.66,0.77,
538,108年07月30日,1201,味全,30.65,29.85,0.8,息,32.80,26.90,29.85,29.85,除權息資料,110年第1季,13.13,0.17,
539,108年07月30日,1725,元禎,15.55,14.71,0.84,息,16.15,13.25,14.70,14.71,除權息資料,110年第1季,18.93,0.3,
540,108年07月30日,2348,海悅,49.80,46.00,3.8,息,50.60,41.40,46.00,46.00,除權息資料,110年第1季,38.74,4.9,
541,108年07月30日,2355,敬鵬,33.75,33.25,0.5,息,36.55,29.95,33.25,33.25,除權息資料,110年第1季,38.34,-0.14,
542,108年07月30日,6116,彩晶,6.95,6.65,0.3,息,7.31,5.99,6.65,6.65,除權息資料,110年第1季,15.71,1.0,
543,108年07月30日,6504,南六,154.00,149.00,5.0,息,163.50,134.50,149.00,149.00,除權息資料,110年第1季,60.22,1.56,
544,108年07月30日,6582,申豐,55.40,51.80,3.5926199999999997,息,56.90,46.65,51.80,51.80,除權息資料,110年第1季,55.78,9.83,
545,108年07月30日,9188,精熙-DR,4.82,4.42,0.3988,息,4.86,3.98,4.42,4.42,除權息資料,97年第4季,0.00,0.83,
546,108年07月31日,1525,江申,59.70,57.90,1.8,息,63.60,52.20,57.90,57.90,除權息資料,110年第1季,59.70,1.18,
547,108年07月31日,1598,岱宇,45.80,43.91,1.886189,權息,48.30,39.55,43.90,43.91,除權息資料,110年第1季,30.70,2.1,
548,108年07月31日,2351,順德,66.50,63.70,2.8,息,70.00,57.40,63.70,63.70,除權息資料,110年第1季,32.16,1.02,
549,108年07月31日,2392,正崴,35.15,33.65,1.5,息,37.00,30.30,33.65,33.65,除權息資料,110年第1季,48.68,0.05,
550,108年07月31日,2504,國產,8.61,8.36,0.25,息,9.19,7.53,8.36,8.36,除權息資料,110年第1季,17.69,0.45,
551,108年07月31日,2912,統一超,306.50,297.70,8.8,息,327.00,268.00,297.50,297.70,除權息資料,110年第1季,36.80,2.61,
552,108年07月31日,3501,維熹,54.60,51.10,3.5,息,56.20,46.00,51.10,51.10,除權息資料,110年第1季,48.24,0.67,
553,108年07月31日,3533,嘉澤,234.00,225.30,8.7,息,247.50,203.00,225.50,225.30,除權息資料,110年第1季,138.14,8.06,
554,108年07月31日,3653,健策,129.50,125.97,3.527518,息,138.50,113.50,126.00,125.97,除權息資料,110年第1季,54.83,1.79,
555,108年07月31日,4938,和碩,56.00,52.49,3.500896,息,57.70,47.25,52.50,52.49,除權息資料,110年第1季,57.49,1.75,
556,108年07月31日,5871,中租-KY,139.50,131.35,8.140775999999999,權息,144.00,118.50,131.50,131.35,除權息資料,110年第1季,65.41,3.6,
557,108年07月31日,8404,百和興業-KY,50.50,46.57,3.925926,權息,51.20,41.95,46.55,46.57,除權息資料,110年第1季,17.36,1.24,
558,108年07月31日,9938,百和,92.90,90.30,2.6,息,99.30,81.30,90.30,90.30,除權息資料,110年第1季,31.79,1.95,
559,108年07月31日,9942,茂順,75.00,70.80,4.2,息,77.80,63.80,70.80,70.80,除權息資料,110年第1季,37.82,1.5,
560,108年08月01日,1216,統一,80.80,78.30,2.5,息,86.10,70.50,78.30,78.30,除權息資料,110年第1季,21.03,0.95,
561,108年08月01日,1316,上曜,15.45,13.56,1.8850369999999999,息,14.90,12.25,13.55,13.56,除權息資料,110年第1季,10.58,-0.2,
562,108年08月01日,1470,大統新創,22.65,22.25,0.4,息,24.45,20.05,22.25,22.25,除權息資料,110年第1季,10.97,0.08,
563,108年08月01日,1530,亞崴,31.05,29.05,2.0,息,31.95,26.15,29.05,29.05,除權息資料,110年第1季,32.52,0.25,
564,108年08月01日,1720,生達,33.60,32.10,1.5,息,35.30,28.90,32.10,32.10,除權息資料,110年第1季,23.77,1.17,
565,108年08月01日,1724,台硝,13.60,13.10,0.5,息,14.40,11.80,13.10,13.10,除權息資料,110年第1季,14.97,-0.27,
566,108年08月01日,1730,花仙子,88.40,84.90,3.5,息,93.30,76.50,84.90,84.90,除權息資料,110年第1季,28.72,1.39,
567,108年08月01日,2033,佳大,9.72,9.52,0.2,息,10.45,8.57,9.52,9.52,除權息資料,110年第1季,12.98,0.04,
568,108年08月01日,2115,六暉-KY,41.65,38.71,2.935714,權息,42.55,34.85,38.70,38.71,除權息資料,110年第1季,31.11,1.13,
569,108年08月01日,2228,劍麟,109.00,104.00,5.0,息,114.00,93.60,104.00,104.00,除權息資料,110年第1季,49.31,0.85,
570,108年08月01日,2393,億光,30.05,28.55,1.499781,息,31.40,25.70,28.55,28.55,除權息資料,110年第1季,40.60,1.03,
571,108年08月01日,2485,兆赫,22.70,22.20,0.5,息,24.40,20.00,22.20,22.20,除權息資料,110年第1季,20.10,-0.23,
572,108年08月01日,2849,安泰銀,16.25,15.25,1.0,息,16.75,13.75,15.25,15.25,除權息資料,110年第1季,17.85,0.29,
573,108年08月01日,2852,第一保,15.05,14.56,0.49,息,16.00,13.15,14.55,14.56,除權息資料,110年第1季,22.94,0.23,
574,108年08月01日,3023,信邦,133.00,128.52,4.477053,息,141.00,116.00,128.50,128.52,除權息資料,110年第1季,42.15,2.52,
575,108年08月01日,3046,建碁,23.70,23.40,0.3,息,25.70,21.10,23.40,23.40,除權息資料,110年第1季,8.25,0.13,
576,108年08月01日,3209,全科,20.00,18.62,1.372549,權息,20.45,16.80,18.60,18.62,除權息資料,110年第1季,16.40,0.92,
577,108年08月01日,3703,欣陸,17.40,16.50,0.9,息,18.15,14.85,16.50,16.50,除權息資料,110年第1季,28.48,0.58,
578,108年08月01日,4737,華廣,50.90,48.90,1.9981209999999998,息,53.70,44.05,48.90,48.90,除權息資料,110年第1季,34.76,0.2,
579,108年08月01日,6177,達麗,29.90,28.00,1.898405,權息,30.80,25.20,28.00,28.00,除權息資料,110年第1季,14.47,-0.1,
580,108年08月01日,6230,尼得科超眾,246.00,241.30,4.7,息,265.00,217.50,241.50,241.30,除權息資料,110年第1季,52.85,1.92,
581,108年08月01日,6239,力成,85.60,80.80,4.8,息,88.80,72.80,80.80,80.80,除權息資料,110年第1季,61.52,2.21,
582,108年08月01日,6464,台數科,110.00,103.45,6.542642,權息,113.50,93.20,103.50,103.45,除權息資料,110年第1季,58.88,2.18,
583,108年08月01日,6625,必應,49.85,46.04,3.8023809999999996,權息,50.60,41.45,46.05,46.04,除權息資料,110年第1季,14.27,-0.16,
584,108年08月01日,8081,致新,99.80,94.80,5.0,息,104.00,85.40,94.80,94.80,除權息資料,110年第1季,58.27,4.66,
585,108年08月01日,8114,振樺電,116.00,109.80,6.2,息,120.50,98.90,110.00,109.80,除權息資料,110年第1季,34.73,0.52,
586,108年08月02日,1604,聲寶,18.40,17.00,1.4,息,18.70,15.30,17.00,17.00,除權息資料,110年第1季,21.45,0.5,
587,108年08月02日,2838,聯邦銀,11.95,11.16,0.781776,權,12.25,10.05,11.15,11.16,除權息資料,110年第1季,18.47,0.31,
588,108年08月02日,3596,智易,106.00,102.50,3.5,息,112.50,92.30,102.50,102.50,除權息資料,110年第1季,51.49,2.2,
589,108年08月02日,3665,貿聯-KY,248.00,240.50,7.5,息,264.50,216.50,240.50,240.50,除權息資料,110年第1季,96.59,2.35,
590,108年08月02日,4766,南寶,176.50,171.50,5.0,息,188.50,154.50,171.50,171.50,除權息資料,110年第1季,94.36,2.49,
591,108年08月02日,8103,瀚荃,24.70,23.70,1.0,息,26.05,21.35,23.70,23.70,除權息資料,110年第1季,33.83,0.9,
592,108年08月02日,8213,志超,40.50,38.31,2.183484,息,42.10,34.50,38.30,38.31,除權息資料,110年第1季,49.00,1.41,
593,108年08月05日,1464,得力,24.00,23.73,0.260034,權,26.40,21.40,24.00,24.00,除權息資料,110年第1季,12.40,0.25,
594,108年08月05日,1609,大亞,11.00,10.70,0.3,息,11.75,9.63,10.70,10.70,除權息資料,110年第1季,13.98,0.74,
595,108年08月05日,2332,友訊,12.65,12.45,0.2,息,13.65,11.25,12.45,12.45,除權息資料,110年第1季,14.25,0.09,
596,108年08月05日,2476,鉅祥,24.40,23.14,1.26,息,25.45,20.85,23.15,23.14,除權息資料,110年第1季,26.00,0.6,
597,108年08月05日,3049,和鑫,14.25,14.18,0.06506,權,15.65,12.80,14.25,14.25,除權息資料,110年第1季,11.75,0.3,
598,108年08月05日,3712,永崴投控,23.80,21.30,2.5,息,23.40,19.20,21.30,21.30,除權息資料,110年第1季,28.53,0.39,
599,108年08月05日,5531,鄉林,9.63,9.53,0.095347,權,10.45,8.58,9.53,9.53,除權息資料,110年第1季,11.39,-0.33,
600,108年08月05日,6201,亞弘電,36.70,34.00,2.7,息,37.40,30.60,34.00,34.00,除權息資料,110年第1季,25.93,0.89,
601,108年08月06日,1453,大將,9.00,8.18,0.818182,權,8.99,7.37,8.18,8.18,除權息資料,110年第1季,12.79,0.07,
602,108年08月06日,1718,中纖,9.10,8.45,0.649296,權息,9.29,7.61,8.45,8.45,除權息資料,110年第1季,18.00,0.1,
603,108年08月06日,2477,美隆電,21.10,20.24,0.86,息,22.25,18.25,20.25,20.24,除權息資料,110年第1季,22.65,7.34,
604,108年08月06日,2801,彰銀,21.15,20.10,1.042157,權息,22.10,18.10,20.10,20.10,除權息資料,110年第1季,16.12,0.19,
605,108年08月06日,2889,國票金,10.90,10.45,0.45,息,11.45,9.41,10.45,10.45,除權息資料,109年第4季,13.25,1.12,
606,108年08月06日,3008,大立光,"3,875.00","3,807.00",68.0,息,"4,185.00","3,430.00","3,805.00","3,807.00",除權息資料,110年第1季,"1,003.75",39.62,
607,108年08月07日,2049,上銀,249.00,234.95,14.048542000000001,權息,258.00,211.50,235.00,234.95,除權息資料,110年第1季,84.49,1.61,
608,108年08月07日,2539,櫻花建,30.45,26.76,3.6800889999999997,權息,29.40,24.10,26.75,26.76,除權息資料,110年第1季,13.84,-0.07,
609,108年08月07日,3058,立德,7.72,7.51,0.203255,息,8.26,6.76,7.51,7.51,除權息資料,110年第1季,11.58,-0.33,
610,108年08月07日,3062,建漢,14.85,14.45,0.4,息,15.85,13.05,14.45,14.45,除權息資料,110年第1季,16.40,-0.05,
611,108年08月07日,5243,乙盛-KY,38.35,36.85,1.5,息,40.50,33.20,36.85,36.85,除權息資料,110年第1季,35.67,0.81,
612,108年08月07日,5607,遠雄港,22.40,22.00,0.4,息,24.20,19.80,22.00,22.00,除權息資料,110年第1季,25.16,0.53,
613,108年08月07日,6285,啟碁,74.80,71.29,3.500717,息,78.40,64.20,71.30,71.29,除權息資料,110年第1季,43.14,0.7,
614,108年08月07日,6605,帝寶,69.40,67.10,2.3,息,73.80,60.40,67.10,67.10,除權息資料,110年第1季,81.59,1.72,
615,108年08月07日,8150,南茂,28.25,27.04,1.20004,息,29.70,24.35,27.05,27.04,除權息資料,110年第1季,29.92,1.32,
616,108年08月08日,1440,南紡,12.10,11.70,0.4,息,12.85,10.55,11.70,11.70,除權息資料,110年第1季,15.62,0.68,
617,108年08月08日,1817,凱撒衛,39.20,36.90,2.3,息,40.55,33.25,36.90,36.90,除權息資料,110年第1季,24.60,0.74,
618,108年08月08日,2108,南帝,33.35,31.55,1.8,息,34.70,28.40,31.55,31.55,除權息資料,110年第1季,23.51,5.45,
619,108年08月08日,2450,神腦,31.60,30.15,1.45,息,33.15,27.15,30.15,30.15,除權息資料,110年第1季,23.49,0.6,
620,108年08月08日,2492,華新科,165.50,149.16,16.331528,息,164.00,134.50,149.00,149.16,除權息資料,110年第1季,85.08,4.06,
621,108年08月08日,2545,皇翔,30.75,28.95,1.8,息,31.80,26.10,28.95,28.95,除權息資料,110年第1季,35.54,0.68,
622,108年08月08日,2547,日勝生,13.45,12.40,1.0480399999999999,權息,13.60,11.20,12.40,12.40,除權息資料,110年第1季,13.00,0.0,
623,108年08月08日,2607,榮運,14.10,13.75,0.35,息,15.10,12.40,13.75,13.75,除權息資料,110年第1季,22.47,0.15,
624,108年08月08日,2704,國賓,21.45,21.05,0.4,息,23.15,18.95,21.05,21.05,除權息資料,110年第1季,30.33,-0.02,
625,108年08月08日,4764,雙鍵,81.80,69.81,11.981817999999999,權息,76.70,62.90,69.80,69.81,除權息資料,110年第1季,29.13,0.32,
626,108年08月08日,8480,泰昇-KY,122.50,117.20,5.3,息,128.50,105.50,117.00,117.20,除權息資料,110年第1季,48.03,2.31,
627,108年08月08日,9914,美利達,188.50,185.00,3.5,息,203.50,166.50,185.00,185.00,除權息資料,110年第1季,57.04,3.86,
628,108年08月09日,1442,名軒,16.55,15.55,1.0,息,17.10,14.00,15.55,15.55,除權息資料,110年第1季,15.18,0.12,
629,108年08月09日,2337,旺宏,28.30,27.09,1.200125,息,29.75,24.40,27.10,27.09,除權息資料,110年第1季,20.18,0.5,
630,108年08月09日,2458,義隆,79.50,74.50,5.0,息,81.90,67.10,74.50,74.50,除權息資料,110年第1季,35.02,3.77,
631,108年08月09日,2886,兆豐金,31.10,29.40,1.7,息,32.30,26.50,29.40,29.40,除權息資料,109年第4季,24.01,1.84,
632,108年08月09日,2892,第一金,22.80,21.58,1.215842,權息,23.70,19.45,21.60,21.58,除權息資料,109年第4季,17.23,1.31,
633,108年08月12日,1786,科妍,69.70,68.10,1.6,息,74.90,61.30,68.10,68.10,除權息資料,110年第1季,23.42,0.4,
634,108年08月12日,2887,台新金,14.30,13.51,0.78932,權息,14.85,12.20,13.50,13.51,除權息資料,109年第4季,15.88,1.17,
635,108年08月12日,4919,新唐,48.30,45.80,2.5,息,50.30,41.25,45.80,45.80,除權息資料,110年第1季,30.81,0.7,
636,108年08月12日,4927,泰鼎-KY,56.50,54.03,2.461032,息,59.40,48.65,54.00,54.03,除權息資料,110年第1季,39.12,0.81,
637,108年08月12日,6005,群益證,9.35,8.95,0.4,息,9.84,8.06,8.95,8.95,除權息資料,110年第1季,17.20,0.6,
638,108年08月12日,6581,鋼聯,94.80,89.82,4.98,息,98.80,80.90,89.80,89.82,除權息資料,110年第1季,29.56,0.59,
639,108年08月12日,6668,中揚光,63.30,62.29,1.000263,息,68.50,56.10,62.30,62.29,除權息資料,110年第1季,27.46,-0.24,
640,108年08月13日,1101,台泥,43.95,37.98,5.968005000000001,權息,41.75,34.20,38.00,37.98,除權息資料,110年第1季,34.63,0.57,
641,108年08月13日,1101B,台泥乙特,52.50,52.40,0.09109500000000001,息,57.60,47.20,52.40,52.40,除權息資料,110年第1季,34.63,0.57,
642,108年08月13日,1537,廣隆,159.00,149.00,10.0,息,163.50,134.50,149.00,149.00,除權息資料,110年第1季,51.57,2.77,
643,108年08月13日,3454,晶睿,112.00,106.82,5.170731,權息,117.50,96.20,107.00,106.82,除權息資料,110年第1季,33.94,0.6,
644,108年08月13日,3711,日月光投控,68.90,66.40,2.498682,息,73.00,59.80,66.40,66.40,除權息資料,110年第1季,53.35,1.99,
645,108年08月13日,5285,界霖,63.60,60.06,3.537865,息,66.00,54.10,60.10,60.06,除權息資料,110年第1季,23.38,1.2,
646,108年08月13日,6202,盛群,71.40,66.70,4.7,息,73.30,60.10,66.70,66.70,除權息資料,110年第1季,21.30,1.54,
647,108年08月14日,2027,大成鋼,45.40,42.40,3.0,息,46.60,38.20,42.40,42.40,除權息資料,110年第1季,19.26,0.88,
648,108年08月14日,2834,臺企銀,13.40,12.47,0.92381,權息,13.70,11.25,12.45,12.47,除權息資料,110年第1季,13.37,0.15,
649,108年08月14日,4746,台耀,36.70,36.20,0.5,息,39.80,32.60,36.20,36.20,除權息資料,110年第1季,59.63,9.84,
650,108年08月14日,4977,眾達-KY,84.60,83.10,1.493298,權,93.00,74.80,84.60,84.60,除權息資料,110年第1季,32.94,0.71,
651,108年08月14日,5203,訊連,85.00,82.00,2.990238,息,90.20,73.80,82.00,82.00,除權息資料,110年第1季,46.12,0.38,
652,108年08月14日,5880,合庫金,20.70,19.36,1.3310680000000001,權息,21.25,17.45,19.35,19.36,除權息資料,109年第4季,17.33,1.24,
653,108年08月15日,2880,華南金,21.50,19.87,1.628023,權息,21.85,17.90,19.85,19.87,除權息資料,109年第4季,14.73,0.67,
654,108年08月15日,3042,晶技,39.55,37.55,2.0,息,41.30,33.80,37.55,37.55,除權息資料,110年第1季,33.84,2.04,
655,108年08月15日,3376,新日興,122.00,118.01,3.988729,息,129.50,106.50,118.00,118.01,除權息資料,110年第1季,83.33,1.54,
656,108年08月15日,4912,聯德控股-KY,141.50,115.84,25.654376,權息,127.00,104.50,116.00,115.84,除權息資料,110年第1季,56.17,3.01,
657,108年08月15日,5269,祥碩,556.00,544.00,12.0,息,598.00,490.00,544.00,544.00,除權息資料,110年第1季,191.18,10.35,
658,108年08月15日,6139,亞翔,27.40,25.90,1.5,息,28.45,23.35,25.90,25.90,除權息資料,110年第1季,33.99,0.16,
659,108年08月15日,6449,鈺邦,29.50,28.51,0.985102,息,31.35,25.70,28.50,28.51,除權息資料,110年第1季,27.85,0.82,
660,108年08月19日,2374,佳能,16.30,15.80,0.5,息,17.35,14.25,15.80,15.80,除權息資料,110年第1季,19.70,-0.43,
661,108年08月19日,2498,宏達電,34.20,33.82,0.38,息,37.20,30.45,33.80,33.82,除權息資料,110年第1季,35.38,-1.25,
662,108年08月19日,3004,豐達科,92.20,89.70,2.5,息,98.60,80.80,89.70,89.70,除權息資料,110年第1季,34.72,-0.47,
663,108年08月19日,5288,豐祥-KY,136.50,131.50,5.0,息,144.50,118.50,131.50,131.50,除權息資料,110年第1季,45.11,2.69,
664,108年08月19日,9921,巨大,233.50,228.90,4.6,息,251.50,206.50,229.00,228.90,除權息資料,110年第1季,71.41,4.54,
665,108年08月19日,9946,三發地產,26.30,24.29,2.0009349999999997,權息,26.70,21.90,24.30,24.29,除權息資料,110年第1季,20.67,0.03,
666,108年08月20日,1340,勝悅-KY,18.00,16.18,1.818181,權息,17.75,14.60,16.20,16.18,除權息資料,110年第1季,35.40,-0.48,
667,108年08月20日,1722,台肥,47.95,45.75,2.2,息,50.30,41.20,45.75,45.75,除權息資料,110年第1季,53.42,0.76,
668,108年08月20日,1737,臺鹽,33.95,32.15,1.8,息,35.35,28.95,32.15,32.15,除權息資料,110年第1季,31.66,0.51,
669,108年08月20日,3257,虹冠電,55.90,51.90,4.0,息,57.00,46.75,51.90,51.90,除權息資料,110年第1季,22.67,1.14,
670,108年08月20日,3702,大聯大,40.20,37.50,2.7,息,41.25,33.75,37.50,37.50,除權息資料,110年第1季,36.20,1.44,
671,108年08月20日,6443,元晶,8.39,8.15,0.23838,權,9.22,7.34,8.39,8.39,除權息資料,110年第1季,10.67,0.0,
672,108年08月21日,1445,大宇,7.44,7.24,0.2,息,7.96,6.52,7.24,7.24,除權息資料,110年第1季,12.07,-0.11,
673,108年08月21日,2227,裕日車,270.00,252.33,17.67,息,277.50,227.50,252.50,252.33,除權息資料,110年第1季,74.66,2.7,
674,108年08月21日,2472,立隆電,41.00,38.70,2.3,息,42.55,34.85,38.70,38.70,除權息資料,110年第1季,35.90,1.27,
675,108年08月21日,2701,萬企,13.35,12.95,0.4,息,14.20,11.70,12.95,12.95,除權息資料,110年第1季,16.74,0.0,
676,108年08月21日,2881A,富邦特,65.90,63.44,2.46,息,69.70,57.10,63.40,63.44,除權息資料,109年第4季,66.33,8.54,
677,108年08月21日,2881B,富邦金乙特,64.40,62.67,1.722082,息,68.90,56.50,62.70,62.67,除權息資料,109年第4季,66.33,8.54,
678,108年08月21日,3189,景碩,37.95,36.45,1.499066,息,40.05,32.85,36.45,36.45,除權息資料,110年第1季,56.49,0.57,
679,108年08月22日,"=""00775B""",新光投等債15+,47.21,47.07,0.135,息,"9,999.95",0.01,47.07,47.07,除權息資料,,,,
680,108年08月22日,2101,南港,38.20,37.70,0.5,息,41.45,33.95,37.70,37.70,除權息資料,110年第1季,13.06,0.26,
681,108年08月22日,2439,美律,152.50,144.00,8.497657,息,158.00,130.00,144.00,144.00,除權息資料,110年第1季,50.51,0.1,
682,108年08月22日,2617,台航,21.05,19.75,1.3,息,21.70,17.80,19.75,19.75,除權息資料,110年第1季,26.91,0.37,
683,108年08月22日,2702,華園,19.95,18.28,1.6629630000000002,權息,20.10,16.50,18.30,18.28,除權息資料,110年第1季,8.36,-0.36,
684,108年08月22日,3661,世芯-KY,118.00,116.46,1.530463,息,128.00,105.00,116.50,116.46,除權息資料,110年第1季,140.80,5.68,
685,108年08月23日,1225,福懋油,51.10,49.95,1.15,息,54.90,45.00,49.95,49.95,除權息資料,110年第1季,15.99,0.91,
686,108年08月23日,1516,川飛,15.25,14.58,0.666326,權,16.00,13.15,14.60,14.58,除權息資料,110年第1季,11.95,0.11,
687,108年08月23日,1609,大亞,10.05,9.66,0.38653899999999997,權,10.60,8.70,9.66,9.66,除權息資料,110年第1季,13.98,0.74,
688,108年08月23日,1709,和益,13.15,12.65,0.497241,息,13.90,11.40,12.65,12.65,除權息資料,110年第1季,15.60,0.53,
689,108年08月23日,1902,台紙,20.10,19.75,0.35,息,21.70,17.80,19.75,19.75,除權息資料,109年第1季,15.79,0.08,
690,108年08月23日,2114,鑫永銓,89.20,80.19,9.009524,權息,88.20,72.20,80.20,80.19,除權息資料,110年第1季,37.41,1.78,
691,108年08月23日,2338,光罩,27.20,26.36,0.834,息,28.95,23.75,26.35,26.36,除權息資料,110年第1季,18.95,1.64,
692,108年08月23日,2347,聯強,38.65,36.65,2.0,息,40.30,33.00,36.65,36.65,除權息資料,110年第1季,31.05,1.52,
693,108年08月23日,2484,希華,21.65,20.20,1.45,息,22.20,18.20,20.20,20.20,除權息資料,110年第1季,21.49,0.48,
694,108年08月23日,2913,農林,15.65,15.35,0.3,息,16.85,13.85,15.35,15.35,除權息資料,110年第1季,19.99,0.0,
695,108年08月23日,3622,洋華,18.30,17.80,0.5,息,19.55,16.05,17.80,17.80,除權息資料,110年第1季,31.76,0.19,
696,108年08月23日,4942,嘉彰,39.30,36.80,2.5,息,40.45,33.15,36.80,36.80,除權息資料,110年第1季,53.81,1.51,
697,108年08月23日,6183,關貿,37.00,35.34,1.66,息,38.85,31.85,35.35,35.34,除權息資料,110年第1季,15.72,0.82,
698,108年08月23日,6282,康舒,23.40,22.40,1.0,息,24.60,20.20,22.40,22.40,除權息資料,110年第1季,19.41,0.16,
699,108年08月23日,6552,易華電,100.00,98.00,2.0,息,107.50,88.20,98.00,98.00,除權息資料,110年第1季,29.94,0.43,
700,108年08月23日,9927,泰銘,31.70,30.32,1.38,息,33.35,27.30,30.30,30.32,除權息資料,110年第1季,24.73,0.85,
701,108年08月26日,1310,台苯,24.50,22.50,2.0,息,24.75,20.25,22.50,22.50,除權息資料,110年第1季,14.41,0.45,
702,108年08月26日,1313,聯成,10.25,9.95,0.29630300000000004,權,10.90,8.96,9.95,9.95,除權息資料,110年第1季,19.71,0.99,
703,108年08月26日,1324,地球,10.55,10.25,0.3,息,11.25,9.23,10.25,10.25,除權息資料,110年第1季,12.88,-0.04,
704,108年08月26日,1460,宏遠,10.25,10.04,0.200981,權,11.00,9.04,10.05,10.04,除權息資料,110年第1季,7.79,0.04,
705,108年08月26日,1533,車王電,37.65,36.85,0.8,息,40.50,33.20,36.85,36.85,除權息資料,110年第1季,25.01,0.08,
706,108年08月26日,1541,錩泰,36.30,35.30,1.0,息,38.80,31.80,35.30,35.30,除權息資料,110年第1季,22.84,1.03,
707,108年08月26日,1587,吉茂,18.60,18.13,0.462746,權息,19.90,16.35,18.15,18.13,除權息資料,110年第1季,18.58,0.37,
708,108年08月26日,1617,榮星,13.35,12.35,1.0,息,13.55,11.15,12.35,12.35,除權息資料,110年第1季,12.74,0.46,
709,108年08月26日,1726,永記,72.00,68.50,3.5,息,75.30,61.70,68.50,68.50,除權息資料,110年第1季,56.02,1.76,
710,108年08月26日,2327,國巨,258.00,213.16,44.834894,息,234.00,192.00,213.00,213.16,除權息資料,110年第1季,148.77,10.17,
711,108年08月26日,2377,微星,88.80,83.80,5.0,息,92.10,75.50,83.80,83.80,除權息資料,110年第1季,46.86,4.94,
712,108年08月26日,2904,匯僑,25.05,23.53,1.5144950000000001,息,25.85,21.20,23.55,23.53,除權息資料,110年第1季,15.57,0.58,
713,108年08月26日,3266,昇陽,14.50,14.00,0.5,息,15.40,12.60,14.00,14.00,除權息資料,110年第1季,14.57,-0.03,
714,108年08月26日,3588,通嘉,23.70,22.94,0.7501909999999999,息,25.20,20.65,22.95,22.94,除權息資料,110年第1季,28.57,0.7,
715,108年08月26日,4807,日成-KY,34.85,30.84,4.003119,息,33.90,27.80,30.85,30.84,除權息資料,110年第1季,23.37,0.34,
716,108年08月26日,5525,順天,27.95,23.59,4.359091,權息,25.90,21.25,23.60,23.59,除權息資料,110年第1季,17.31,-0.12,
717,108年08月26日,6531,愛普,42.25,41.73,0.510234,息,45.90,37.60,41.75,41.73,除權息資料,110年第1季,46.76,4.73,
718,108年08月27日,1210,大成,39.55,36.23,3.3119050000000003,權息,39.85,32.65,36.25,36.23,除權息資料,110年第1季,23.88,1.01,
719,108年08月27日,1339,昭輝,45.90,43.90,2.0,息,48.25,39.55,43.90,43.90,除權息資料,110年第1季,47.67,0.78,
720,108年08月27日,1457,宜進,14.00,13.50,0.5,息,14.85,12.15,13.50,13.50,除權息資料,110年第1季,21.08,0.31,
721,108年08月27日,1474,弘裕,9.46,9.16,0.3,息,10.05,8.25,9.16,9.16,除權息資料,110年第1季,15.53,0.35,
722,108年08月27日,2023,燁輝,9.05,8.77,0.275491,權息,9.64,7.90,8.77,8.77,除權息資料,110年第1季,14.54,0.58,
723,108年08月27日,2059,川湖,340.00,330.50,9.5,息,363.50,297.50,330.50,330.50,除權息資料,110年第1季,121.25,4.55,
724,108年08月27日,2106,建大,30.15,29.15,1.0,息,32.05,26.25,29.15,29.15,除權息資料,110年第1季,20.72,0.75,
725,108年08月27日,2428,興勤,80.20,76.40,3.8,息,84.00,68.80,76.40,76.40,除權息資料,110年第1季,60.02,3.18,
726,108年08月27日,2441,超豐,43.45,40.75,2.7,息,44.80,36.70,40.75,40.75,除權息資料,110年第1季,33.39,1.64,
727,108年08月27日,2514,龍邦,15.05,14.80,0.25,息,16.25,13.35,14.80,14.80,除權息資料,110年第1季,26.83,1.09,
728,108年08月27日,2706,第一店,15.00,14.55,0.45,息,16.00,13.10,14.55,14.55,除權息資料,110年第1季,17.79,-0.01,
729,108年08月27日,2812,台中銀,12.45,11.56,0.881559,權息,12.70,10.45,11.55,11.56,除權息資料,110年第1季,14.15,0.27,
730,108年08月27日,3312,弘憶股,16.10,14.48,1.614019,權息,15.90,13.05,14.50,14.48,除權息資料,110年第1季,12.40,0.52,
731,108年08月27日,3528,安馳,39.80,37.30,2.5,息,41.00,33.60,37.30,37.30,除權息資料,110年第1季,21.71,1.2,
732,108年08月27日,5534,長虹,88.40,81.40,7.0,息,89.50,73.30,81.40,81.40,除權息資料,110年第1季,63.68,0.74,
733,108年08月27日,5876,上海商銀,50.00,48.63,1.3683889999999999,權,55.00,43.80,50.00,50.00,除權息資料,110年第1季,35.70,0.83,
734,108年08月27日,8367,建新國際,22.55,21.55,1.0,息,23.70,19.40,21.55,21.55,除權息資料,110年第1季,27.47,0.94,
735,108年08月28日,1409,新纖,12.50,11.65,0.85,息,12.80,10.50,11.65,11.65,除權息資料,110年第1季,19.01,0.44,
736,108年08月28日,1416,廣豐,15.15,13.95,1.2,息,15.30,12.60,13.95,13.95,除權息資料,110年第1季,18.99,-0.21,
737,108年08月28日,1513,中興電,20.85,19.85,1.0,息,21.80,17.90,19.85,19.85,除權息資料,110年第1季,24.11,1.31,
738,108年08月28日,1514,亞力,17.25,16.06,1.1820389999999998,權息,17.65,14.50,16.05,16.06,除權息資料,110年第1季,15.63,0.45,
739,108年08月28日,1527,鑽全,55.30,51.30,4.0,息,56.40,46.20,51.30,51.30,除權息資料,110年第1季,30.77,1.06,
740,108年08月28日,1776,展宇,15.70,14.90,0.8,息,16.35,13.45,14.90,14.90,除權息資料,110年第1季,14.28,0.3,
741,108年08月28日,2104,國際中橡,37.00,31.41,5.584071,權息,34.55,28.30,31.40,31.41,除權息資料,110年第1季,31.74,0.44,
742,108年08月28日,2365,昆盈,8.06,7.86,0.2,息,8.64,7.08,7.86,7.86,除權息資料,110年第1季,13.46,0.22,
743,108年08月28日,2530,華建,16.20,15.90,0.3,息,17.45,14.35,15.90,15.90,除權息資料,110年第1季,11.77,-0.04,
744,108年08月28日,3706,神達,31.55,26.13,5.4195660000000005,權息,28.70,23.55,26.15,26.13,除權息資料,110年第1季,36.03,0.57,
745,108年08月28日,6168,宏齊,14.25,13.25,1.0,息,14.55,11.95,13.25,13.25,除權息資料,110年第1季,15.27,0.51,
746,108年08月28日,6216,居易,28.90,26.91,1.9839900000000001,息,29.60,24.25,26.90,26.91,除權息資料,110年第1季,17.83,0.4,
747,108年08月28日,6674,鋐寶科技,32.00,30.20,1.8,息,33.20,27.20,30.20,30.20,除權息資料,110年第1季,24.72,-0.05,
748,108年08月28日,8442,威宏-KY,58.00,56.50,1.5,息,62.10,50.90,56.50,56.50,除權息資料,110年第1季,26.82,-0.75,
749,108年08月29日,1103,嘉泥,16.40,15.40,1.0,息,16.90,13.90,15.40,15.40,除權息資料,110年第1季,38.96,-0.2,
750,108年08月29日,1229,聯華,36.10,32.85,3.242857,權息,36.10,29.60,32.85,32.85,除權息資料,110年第1季,25.28,0.98,
751,108年08月29日,1231,聯華食,46.00,42.09,3.9047620000000003,權息,46.25,37.90,42.10,42.09,除權息資料,110年第1季,23.09,1.02,
752,108年08月29日,1436,華友聯,41.50,32.91,8.583333999999999,權息,36.20,29.65,32.90,32.91,除權息資料,110年第1季,29.18,0.87,
753,108年08月29日,1441,大東,13.90,10.46,3.438517,權息,11.50,9.42,10.45,10.46,除權息資料,110年第1季,8.14,-0.03,
754,108年08月29日,1446,宏和,30.55,30.25,0.3,息,33.25,27.25,30.25,30.25,除權息資料,110年第1季,11.47,0.15,
755,108年08月29日,1526,日馳,29.95,28.95,1.0,息,31.80,26.10,28.95,28.95,除權息資料,110年第1季,19.80,0.9,
756,108年08月29日,2328,廣宇,24.15,23.05,1.1,息,25.35,20.75,23.05,23.05,除權息資料,110年第1季,22.32,0.33,
757,108年08月29日,2383,台光電,135.50,131.70,3.8,息,144.50,119.00,131.50,131.70,除權息資料,110年第1季,52.91,2.89,
758,108年08月29日,2402,毅嘉,16.05,15.55,0.5,息,17.10,14.00,15.55,15.55,除權息資料,110年第1季,18.72,0.13,
759,108年08月29日,2505,國揚,12.50,12.00,0.5,息,13.20,10.80,12.00,12.00,除權息資料,110年第1季,25.05,0.89,
760,108年08月29日,2509,全坤建,29.40,24.40,4.993221,權息,26.80,22.00,24.40,24.40,除權息資料,110年第1季,20.56,0.27,
761,108年08月29日,2527,宏璟,23.20,22.00,1.2,息,24.20,19.80,22.00,22.00,除權息資料,110年第1季,35.59,0.84,
762,108年08月29日,2611,志信,7.99,7.57,0.414659,息,8.32,6.82,7.57,7.57,除權息資料,110年第1季,15.94,0.44,
763,108年08月29日,2845,遠東銀,12.30,11.54,0.755919,權息,12.65,10.40,11.55,11.54,除權息資料,110年第1季,14.34,0.23,
764,108年08月29日,2923,鼎固-KY,24.50,23.78,0.72,息,26.15,21.45,23.80,23.78,除權息資料,110年第1季,31.21,0.44,
765,108年08月29日,3033,威健,19.75,17.67,2.077343,權息,19.40,15.95,17.65,17.67,除權息資料,110年第1季,15.96,0.75,
766,108年08月29日,3036,文曄,40.05,37.69,2.351148,息,41.45,33.95,37.70,37.69,除權息資料,110年第1季,51.00,1.92,
767,108年08月29日,5264,鎧勝-KY,51.60,50.60,1.0,息,55.60,45.55,50.60,50.60,除權息資料,109年第3季,72.02,0.56,
768,108年08月29日,9188,精熙-DR,3.81,3.73,0.076114,息,4.10,3.36,3.73,3.73,除權息資料,97年第4季,0.00,0.83,
769,108年08月30日,1517,利奇,9.60,9.35,0.25,息,10.25,8.42,9.35,9.35,除權息資料,110年第1季,15.07,0.47,
770,108年08月30日,1539,巨庭,23.90,22.10,1.8,息,24.30,19.90,22.10,22.10,除權息資料,110年第1季,19.27,0.14,
771,108年08月30日,2103,台橡,24.95,23.97,0.98,息,26.35,21.60,23.95,23.97,除權息資料,110年第1季,18.30,1.09,
772,108年08月30日,2468,華經,12.85,12.35,0.5,息,13.55,11.15,12.35,12.35,除權息資料,110年第1季,16.38,0.11,
773,108年08月30日,4961,天鈺,40.70,39.39,1.300818,息,43.30,35.50,39.40,39.39,除權息資料,110年第1季,36.67,4.78,
774,108年09月02日,1583,程泰,55.10,52.10,3.0,息,57.30,46.90,52.10,52.10,除權息資料,110年第1季,45.40,1.04,
775,108年09月02日,2901,欣欣,23.10,22.71,0.38669499999999996,息,24.95,20.45,22.70,22.71,除權息資料,110年第1季,11.84,0.06,
776,108年09月02日,2905,三商,18.25,17.75,0.5,息,19.50,16.00,17.75,17.75,除權息資料,110年第1季,23.60,1.04,
777,108年09月02日,6409,旭隼,705.00,651.42,53.571429,權息,716.00,587.00,651.00,651.42,除權息資料,110年第1季,66.64,4.87,
778,108年09月02日,8429,金麗-KY,13.90,13.53,0.360177,權息,14.85,12.20,13.55,13.53,除權息資料,110年第1季,34.42,0.1,
779,108年09月02日,8488,吉源-KY,17.85,17.35,0.5,息,19.05,15.65,17.35,17.35,除權息資料,110年第1季,37.19,-0.07,
780,108年09月02日,9105,泰金寶-DR,2.37,2.30,0.060576,息,2.53,2.07,2.30,2.30,除權息資料,93年第4季,0.00,4.81,
781,108年09月03日,1590,亞德客-KY,327.50,322.26,5.239719999999999,息,354.00,290.50,322.50,322.26,除權息資料,110年第1季,116.55,7.66,
782,108年09月03日,4438,廣越,159.00,153.00,6.0,息,168.00,138.00,153.00,153.00,除權息資料,110年第1季,63.17,-1.05,
783,108年09月03日,5607,遠雄港,23.45,21.63,1.813209,權,25.75,19.50,23.45,23.45,除權息資料,110年第1季,25.16,0.53,
784,108年09月03日,5907,大洋-KY,31.30,29.60,1.693776,息,32.55,26.65,29.60,29.60,除權息資料,110年第1季,43.32,0.05,
785,108年09月04日,1203,味王,27.05,26.05,1.0,息,28.65,23.45,26.05,26.05,除權息資料,110年第1季,22.13,0.55,
786,108年09月04日,2816,旺旺保,20.30,19.40,0.9,息,21.30,17.50,19.40,19.40,除權息資料,110年第1季,27.19,0.95,
787,108年09月04日,3346,麗清,33.30,31.80,1.495717,息,34.95,28.65,31.80,31.80,除權息資料,110年第1季,23.63,0.52,
788,108年09月04日,4763,材料-KY,149.00,131.81,17.181819,權息,144.50,119.00,132.00,131.81,除權息資料,110年第1季,31.15,1.62,
789,108年09月05日,2379,瑞昱,220.00,213.00,7.0,息,234.00,192.00,213.00,213.00,除權息資料,110年第1季,64.85,5.98,
790,108年09月05日,2618,長榮航,14.25,13.35,0.895725,權息,14.65,12.05,13.35,13.35,除權息資料,110年第1季,14.03,-0.45,
791,108年09月05日,4426,利勤,61.30,56.21,5.082288,權息,61.80,50.60,56.20,56.21,除權息資料,110年第1季,17.71,0.0,
792,108年09月06日,9943,好樂迪,70.20,64.80,5.4,息,71.20,58.40,64.80,64.80,除權息資料,110年第1季,28.94,1.31,
793,108年09月09日,2236,百達-KY,24.80,22.61,2.187296,權息,24.85,20.35,22.60,22.61,除權息資料,110年第1季,25.29,0.12,
794,108年09月09日,2888,新光金,9.34,9.31,0.020023,權,10.25,8.38,9.34,9.34,除權息資料,109年第4季,18.12,1.12,
795,108年09月09日,5519,隆大,16.75,15.79,0.9514799999999999,息,17.35,14.25,15.80,15.79,除權息資料,110年第1季,20.20,0.19,
796,108年09月09日,8499,鼎炫-KY,142.00,137.00,5.0,息,150.50,123.50,137.00,137.00,除權息資料,110年第1季,61.65,3.14,
797,108年09月10日,"=""01010T""",京城樂富R1,10.20,10.08,0.113498,息,11.08,9.08,10.08,10.08,除權息資料,110年05月18日,10.46,,
798,108年09月10日,4919,新唐,52.80,50.62,2.170025,權,58.00,45.60,52.80,52.80,除權息資料,110年第1季,30.81,0.7,
799,108年09月11日,2707,晶華,164.00,157.87,6.1248,息,173.50,142.50,158.00,157.87,除權息資料,110年第1季,23.60,2.11,
800,108年09月11日,2836,高雄銀,9.88,9.40,0.476728,權息,10.30,8.46,9.40,9.40,除權息資料,110年第1季,14.71,0.2,
801,108年09月11日,8261,富鼎,28.70,27.70,1.0,息,30.45,24.95,27.70,27.70,除權息資料,110年第1季,21.09,1.4,
802,108年09月12日,910861,神州-DR,8.75,8.68,0.06155,息,9.54,7.82,8.68,8.68,除權息資料,99年第4季,0.00,3.45,
803,108年09月16日,2474,可成,235.00,223.00,12.0,息,245.00,201.00,223.00,223.00,除權息資料,110年第1季,210.66,3.3,
804,108年09月17日,3059,華晶科,24.90,24.40,0.49736800000000003,息,26.80,22.00,24.40,24.40,除權息資料,110年第1季,31.16,0.12,
805,108年09月17日,3432,台端,14.30,13.80,0.5,息,15.15,12.45,13.80,13.80,除權息資料,110年第1季,23.76,0.34,
806,108年09月18日,2601,益航,12.35,12.25,0.1,息,13.45,11.05,12.25,12.25,除權息資料,110年第1季,12.28,0.01,
807,108年09月18日,6133,金橋,8.54,8.29,0.25,息,9.11,7.47,8.29,8.29,除權息資料,110年第1季,11.47,-0.14,
808,108年09月18日,9958,世紀鋼,77.30,77.00,0.29993200000000003,息,84.70,69.30,77.00,77.00,除權息資料,110年第1季,31.28,1.06,
809,108年09月19日,2330,台積電,267.00,265.00,2.0,息,291.50,238.50,265.00,265.00,除權息資料,110年第1季,74.77,5.39,
810,108年09月19日,6235,華孚,13.30,12.80,0.497576,息,14.05,11.55,12.80,12.80,除權息資料,110年第1季,14.16,0.16,
811,108年09月20日,2605,新興,17.20,16.50,0.695146,權息,18.15,14.85,16.50,16.50,除權息資料,110年第1季,24.41,0.11,
812,108年09月23日,2342,茂矽,21.30,21.03,0.27,息,23.10,18.95,21.05,21.03,除權息資料,110年第1季,14.12,0.28,
813,108年09月24日,2062,橋椿,30.70,30.40,0.3,息,33.40,27.40,30.40,30.40,除權息資料,110年第1季,32.02,0.36,
814,108年09月24日,2488,漢平,39.15,36.65,2.5,息,40.30,33.00,36.65,36.65,除權息資料,110年第1季,26.07,0.34,
815,108年09月24日,2889,國票金,10.95,10.84,0.10841600000000001,權,11.90,9.76,10.85,10.84,除權息資料,109年第4季,13.25,1.12,
816,108年09月25日,"=""00710B""",FH彭博高收益債,21.04,20.76,0.275,息,"9,999.95",0.01,20.76,20.76,除權息資料,,,,
817,108年09月25日,"=""00711B""",FH彭博新興債,22.98,22.72,0.255,息,"9,999.95",0.01,22.72,22.72,除權息資料,,,,
818,108年09月25日,"=""00712""",FH富時不動產,17.86,17.75,0.104,息,"9,999.95",0.01,17.75,17.75,除權息資料,,,,
819,108年09月25日,"=""01004T""",土銀富邦R2,13.45,13.26,0.186602,息,14.58,11.94,13.26,13.26,除權息資料,110年05月18日,15.50,,
820,108年09月25日,"=""01009T""",王道圓滿R1,9.00,8.84,0.152173,息,9.72,7.96,8.84,8.84,除權息資料,110年05月18日,10.56,,
821,108年09月25日,4552,力達-KY,51.80,42.67,9.127587,權息,46.90,38.45,42.65,42.67,除權息資料,110年第1季,45.00,0.44,
822,108年09月26日,2506,太設,11.45,11.29,0.16,息,12.40,10.20,11.30,11.29,除權息資料,110年第1季,19.25,0.4,
823,108年09月26日,3017,奇鋐,40.55,39.55,1.0,息,43.50,35.60,39.55,39.55,除權息資料,110年第1季,28.43,1.53,
824,108年09月30日,4967,十銓,25.45,23.45,2.0,息,25.75,21.15,23.45,23.45,除權息資料,110年第1季,23.64,2.16,
825,108年10月02日,2542,興富發,49.95,45.45,4.5,息,49.95,40.95,45.45,45.45,除權息資料,110年第1季,25.72,2.26,
826,108年10月04日,5521,工信,7.10,6.96,0.13407,權,7.81,6.27,7.10,7.10,除權息資料,110年第1季,11.94,0.05,
827,108年10月09日,2515,中工,7.88,7.68,0.197,息,8.44,6.92,7.68,7.68,除權息資料,110年第1季,13.28,0.06,
828,108年10月14日,2882,國泰金,40.55,40.32,0.22875700000000002,權,44.60,36.30,40.55,40.55,除權息資料,110年第1季,58.07,4.36,
829,108年10月14日,2882A,國泰特,63.80,63.61,0.18296300000000001,權,70.10,57.30,63.80,63.80,除權息資料,110年第1季,58.07,4.36,
830,108年10月14日,2882B,國泰金乙特,63.80,63.61,0.18296300000000001,權,70.10,57.30,63.80,63.80,除權息資料,110年第1季,58.07,4.36,
831,108年10月17日,"=""00714""",群益道瓊美國地產,22.67,22.57,0.1,息,"9,999.95",0.01,22.57,22.57,除權息資料,,,,
832,108年10月17日,1603,華電,22.00,21.50,0.5,息,23.65,19.35,21.50,21.50,除權息資料,110年第1季,35.10,0.49,
833,108年10月22日,"=""00717""",富邦美國特別股,20.06,19.84,0.215,息,"9,999.95",0.01,19.84,19.84,除權息資料,,,,
834,108年10月22日,"=""00730""",富邦臺灣優質高息,18.61,17.86,0.746,息,19.64,16.08,17.86,17.86,除權息資料,110年05月18日,20.54,,
835,108年10月22日,"=""00733""",富邦臺灣中小,19.72,19.16,0.56,息,21.07,17.25,19.16,19.16,除權息資料,110年05月18日,37.77,,
836,108年10月23日,"=""0056""",元大高股息,29.03,27.23,1.8,息,29.95,24.51,27.23,27.23,除權息資料,110年05月18日,33.91,,
837,108年10月23日,"=""00660""",元大歐洲50,26.32,25.57,0.75,息,"9,999.95",0.01,25.57,25.57,除權息資料,,,,
838,108年10月23日,"=""00774B""",新光中國政金綠債,39.20,38.86,0.34,息,"9,999.95",0.01,38.86,38.86,除權息資料,,,,
839,108年10月23日,"=""00774C""",新光中政金綠債+R,9.02,8.94,0.0777,息,"9,999.95",0.01,8.94,8.94,除權息資料,,,,
840,108年10月23日,3596,智易,95.10,93.43,1.661432,權,104.50,84.10,95.10,95.10,除權息資料,110年第1季,51.49,2.2,
841,108年10月24日,6257,矽格,36.50,36.09,0.40891500000000003,權,40.15,32.50,36.50,36.50,除權息資料,110年第1季,29.06,1.27,
842,108年10月25日,1714,和桐,7.40,7.25,0.15,息,7.97,6.53,7.25,7.25,除權息資料,110年第1季,12.59,0.29,
843,108年10月28日,2239,英利-KY,101.50,97.00,4.5,息,106.50,87.30,97.00,97.00,除權息資料,110年第1季,93.92,1.29,
844,108年10月29日,"=""006204""",永豐臺灣加權,58.25,56.73,1.52,息,62.40,51.10,56.75,56.73,除權息資料,110年05月18日,81.98,,
845,108年10月29日,9935,慶豐富,45.85,45.52,0.33,息,50.00,41.00,45.50,45.52,除權息資料,110年第1季,13.16,0.46,
846,108年11月04日,1808,潤隆,68.40,60.40,8.0,息,66.40,54.40,60.40,60.40,除權息資料,110年第1季,14.67,1.24,
847,108年11月04日,3406,玉晶光,447.00,438.70,8.296475,權,491.50,395.00,447.00,447.00,除權息資料,110年第1季,143.64,2.5,
848,108年11月04日,6541,泰福-KY,53.70,53.26,0.431734,權,59.00,47.95,53.70,53.70,除權息資料,110年第1季,7.21,-1.33,
849,108年11月05日,2603,長榮,12.80,12.68,0.112197,權,14.05,11.45,12.80,12.80,除權息資料,110年第1季,26.39,7.04,
850,108年11月06日,1909,榮成,13.70,13.67,0.024637,權,15.05,12.35,13.70,13.70,除權息資料,110年第1季,20.52,0.4,
851,108年11月14日,1235,興泰,29.25,26.00,3.25,權,28.60,23.40,26.00,26.00,除權息資料,110年第1季,39.93,-0.13,
852,108年11月20日,"=""006208""",富邦台50,53.10,51.96,1.138,息,57.15,46.77,51.95,51.96,除權息資料,110年05月18日,75.85,,
853,108年11月20日,"=""00692""",富邦公司治理,24.05,23.52,0.53,息,25.87,21.17,23.52,23.52,除權息資料,110年05月18日,33.77,,
854,108年11月20日,"=""01007T""",兆豐國泰R2,17.35,17.14,0.201648,息,18.85,15.43,17.14,17.14,除權息資料,110年05月18日,20.13,,
855,108年11月21日,1626,艾美特-KY,29.70,29.37,0.324442,權,32.65,26.45,29.70,29.70,除權息資料,110年第1季,22.07,-0.26,
856,108年11月21日,8442,威宏-KY,57.00,55.49,1.500008,權,62.70,49.95,57.00,57.00,除權息資料,110年第1季,26.82,-0.75,
857,108年11月22日,"=""0051""",元大中型100,35.36,34.16,1.2,息,37.57,30.75,34.16,34.16,除權息資料,110年05月18日,49.59,,
858,108年11月22日,"=""0053""",元大電子,41.30,39.80,1.5,息,43.78,35.82,39.80,39.80,除權息資料,110年05月18日,62.94,,
859,108年11月22日,"=""0054""",元大台商50,24.58,23.83,0.75,息,26.21,21.45,23.83,23.83,除權息資料,110年05月18日,29.77,,
860,108年11月22日,"=""0055""",元大MSCI金融,19.50,18.80,0.7,息,20.68,16.92,18.80,18.80,除權息資料,110年05月18日,20.68,,
861,108年11月22日,"=""00713""",元大台灣高息低波,33.66,32.06,1.6,息,35.26,28.86,32.06,32.06,除權息資料,110年05月18日,40.88,,
862,108年11月22日,"=""00771""",元大US高息特別股,20.80,20.55,0.25,息,"9,999.95",0.01,20.55,20.55,除權息資料,,,,
863,108年11月22日,"=""00775B""",新光投等債15+,45.62,45.49,0.13,息,"9,999.95",0.01,45.49,45.49,除權息資料,,,,
864,108年11月22日,"=""00776""",新光ICE美國權值,22.37,21.98,0.39,息,"9,999.95",0.01,21.98,21.98,除權息資料,,,,
865,108年11月26日,"=""00731""",FH富時高息低波,50.70,48.43,2.266,息,53.25,43.59,48.43,48.43,除權息資料,110年05月18日,56.25,,
866,108年11月27日,5284,jpp-KY,52.00,51.51,0.480939,權,57.20,46.40,52.00,52.00,除權息資料,110年第1季,41.15,1.25,
867,108年11月27日,6452,康友-KY,257.00,197.96,59.036,權息,217.50,178.50,198.00,197.96,除權息資料,109年第1季,76.28,1.7,
868,108年11月28日,"=""00690""",兆豐藍籌30,24.53,23.41,1.12,息,25.75,21.07,23.41,23.41,除權息資料,110年05月18日,31.63,,
869,108年11月28日,2929,淘帝-KY,107.50,90.84,16.659021,權息,99.90,81.80,90.80,90.84,除權息資料,110年第1季,31.20,-0.58,
870,108年12月04日,1598,岱宇,40.05,39.87,0.179567,權,44.05,35.90,40.05,40.05,除權息資料,110年第1季,30.70,2.1,
871,108年12月04日,3576,聯合再生,7.19,7.15,0.037704,權,7.90,6.44,7.19,7.19,除權息資料,110年第1季,5.13,-0.2,
872,108年12月05日,3321,同泰,17.00,15.69,1.3080209999999999,權,18.70,14.15,17.00,17.00,除權息資料,110年第1季,5.81,-0.19,
873,108年12月12日,8070,長華*,177.50,173.40,4.1,息,190.50,156.50,173.50,173.40,除權息資料,110年第1季,11.25,0.36,
874,108年12月19日,2330,台積電,344.50,342.00,2.5,息,376.00,308.00,342.00,342.00,除權息資料,110年第1季,74.77,5.39,
875,108年12月24日,"=""00710B""",FH彭博高收益債,20.55,20.28,0.266,息,"9,999.95",0.01,20.28,20.28,除權息資料,,,,
876,108年12月24日,"=""00711B""",FH彭博新興債,22.36,22.12,0.24,息,"9,999.95",0.01,22.12,22.12,除權息資料,,,,
877,108年12月24日,"=""00712""",FH富時不動產,18.36,18.09,0.264,息,"9,999.95",0.01,18.09,18.09,除權息資料,,,,
878,108年12月25日,4104,佳醫,54.10,53.26,0.8381219999999999,權,59.50,47.95,54.10,54.10,除權息資料,110年第1季,51.11,0.93,
879,108年12月30日,"=""00742""",新光內需收益,22.16,21.16,1.0,息,23.27,19.05,21.16,21.16,除權息資料,110年05月18日,21.91,,
880,公式:,,,,,,,,,,,,,,,
881,除權息參考價 = (除權息前收盤價-息值+現金增資認購價*現金增資配股率)/(1+無償配股率+現金增資配股率),,,,,,,,,,,,,,,
882,減除股利參考價 = (除權息前收盤價-息值)/(1+無償配股率),,,,,,,,,,,,,,,
883,備註:,,,,,,,,,,,,,,,
884,股利資料自民國92年5月5日起開始提供,,,,,,,,,,,,,,,
885,如果無該項配股率則用'0'帶入,,,,,,,,,,,,,,,
886,開盤競價基準：當不含現金增資除權時，取最接近除權息參考價之檔位價，遇含現金增資除權時，則取最接近減除股利參考價之檔位價。,,,,,,,,,,,,,,,
887,權值+息值=除權息前收盤價-除權息參考價,,,,,,,,,,,,,,,
888,自民國100年3月28日起，除權息前一交易日如無收盤價格，以本公司營業細則第58-3條第2項第2款之原則所決定價格替代。,,,,,,,,,,,,,,,
889,本表不含除息併案辦理退還股款減資或分割減資之資料。,,,,,,,,,,,,,,,
890,本表所列股票、臺灣存託憑證、ETF、受益證券等財報資料，係發行公司最近一次申報資料，僅供參考，實際資料仍以公開資訊觀測發行公司公告資料為準，網址為：https://mops.twse.com.tw 。ETF、受益證券無每股 (單位)盈餘，以「N/A」表示；特別股同普通股最新申報資料。,,,,,,,,,,,,,,,
